location,city,country,utc,local,parameter,value,unit,latitude,longitude,attribution
Escuela E-10,Tocopilla,CL,2017-03-11T01:00:00.000Z,2017-03-10T22:00:00-03:00,pm10,52.96,µg/m³,-22.085518710314,-70.188682515839,"[{""name"":""SINCA"",""url"":""http://sinca.mma.gob.cl/""},{""name"":""Electroandina S.A.""}]"
Nueva Libertad,Talcahuano,CL,2017-03-11T00:00:00.000Z,2017-03-10T21:00:00-03:00,pm10,52.42,µg/m³,-36.735998,-73.118693,"[{""name"":""SINCA"",""url"":""http://sinca.mma.gob.cl/""},{""name"":""Compañía Siderurgica Huachipato""}]"
Sierra Gorda ,Sierra Gorda,CL,2017-03-11T00:00:00.000Z,2017-03-10T21:00:00-03:00,pm10,23,µg/m³,-22.888724142633,-69.318140714844,"[{""name"":""SINCA"",""url"":""http://sinca.mma.gob.cl/""},{""name"":""Sierra Gorda SCM""}]"
Erbaa,Tokat,TR,2017-03-11T00:00:00.000Z,2017-03-11T02:00:00+02:00,no2,14,µg/m³,40.671785,36.5616356,"[{""name"":""National Air Quality Monitoring Network"",""url"":""http://index.havaizleme.gov.tr/Dynamic/0""}]"
Erbaa,Tokat,TR,2017-03-11T00:00:00.000Z,2017-03-11T02:00:00+02:00,so2,15,µg/m³,40.671785,36.5616356,"[{""name"":""National Air Quality Monitoring Network"",""url"":""http://index.havaizleme.gov.tr/Dynamic/0""}]"
Erbaa,Tokat,TR,2017-03-11T00:00:00.000Z,2017-03-11T02:00:00+02:00,pm10,94,µg/m³,40.671785,36.5616356,"[{""name"":""National Air Quality Monitoring Network"",""url"":""http://index.havaizleme.gov.tr/Dynamic/0""}]"
Coquimbo,Coquimbo,CL,2017-03-11T00:00:00.000Z,2017-03-10T21:00:00-03:00,pm25,7,µg/m³,-29.970390235273,-71.336038250122,"[{""name"":""SINCA"",""url"":""http://sinca.mma.gob.cl/""},{""name"":""Ministerio del Medio Ambiente""}]"
Andacollo,Andacollo,CL,2017-03-11T00:00:00.000Z,2017-03-10T21:00:00-03:00,pm10,66.53,µg/m³,-30.227767752117,-71.086126833637,"[{""name"":""SINCA"",""url"":""http://sinca.mma.gob.cl/""},{""name"":""Ministerio del Medio Ambiente""}]"
Quillón,Quillón,CL,2017-03-11T00:00:00.000Z,2017-03-10T21:00:00-03:00,so2,5.12,µg/m³,-36.743905,-72.47721,"[{""name"":""SINCA"",""url"":""http://sinca.mma.gob.cl/""},{""name"":""Celulosa Arauco y Constitución""}]"
Nueva  Aldea,Ránquil,CL,2017-03-11T00:00:00.000Z,2017-03-10T21:00:00-03:00,pm10,6.03,µg/m³,-36.659117056491,-72.479961370361,"[{""name"":""SINCA"",""url"":""http://sinca.mma.gob.cl/""},{""name"":""Celulosa Arauco y Constitución""}]"
Cayumanqui,Quillón,CL,2017-03-11T00:00:00.000Z,2017-03-10T21:00:00-03:00,so2,2.57,µg/m³,-36.683859,-72.465292,"[{""name"":""SINCA"",""url"":""http://sinca.mma.gob.cl/""},{""name"":""Celulosa Arauco y Constitución""}]"
Escuela E-10,Tocopilla,CL,2017-03-11T00:00:00.000Z,2017-03-10T21:00:00-03:00,so2,11.57,µg/m³,-22.085518710314,-70.188682515839,"[{""name"":""SINCA"",""url"":""http://sinca.mma.gob.cl/""},{""name"":""Electroandina S.A.""}]"
Escuela E-10,Tocopilla,CL,2017-03-11T00:00:00.000Z,2017-03-10T21:00:00-03:00,no2,27.31,µg/m³,-22.085518710314,-70.188682515839,"[{""name"":""SINCA"",""url"":""http://sinca.mma.gob.cl/""},{""name"":""Electroandina S.A.""}]"
Escuela E-10,Tocopilla,CL,2017-03-11T00:00:00.000Z,2017-03-10T21:00:00-03:00,co,660.92,µg/m³,-22.085518710314,-70.188682515839,"[{""name"":""SINCA"",""url"":""http://sinca.mma.gob.cl/""},{""name"":""Electroandina S.A.""}]"
Escuela E-10,Tocopilla,CL,2017-03-11T00:00:00.000Z,2017-03-10T21:00:00-03:00,o3,5.47,µg/m³,-22.085518710314,-70.188682515839,"[{""name"":""SINCA"",""url"":""http://sinca.mma.gob.cl/""},{""name"":""Electroandina S.A.""}]"
Escuela E-10,Tocopilla,CL,2017-03-11T00:00:00.000Z,2017-03-10T21:00:00-03:00,pm25,10.18,µg/m³,-22.085518710314,-70.188682515839,"[{""name"":""SINCA"",""url"":""http://sinca.mma.gob.cl/""},{""name"":""Electroandina S.A.""}]"
Valilik,Trabzon,TR,2017-03-11T00:00:00.000Z,2017-03-11T02:00:00+02:00,o3,25,µg/m³,41.00598984862633,39.71232186011893,"[{""name"":""National Air Quality Monitoring Network"",""url"":""http://index.havaizleme.gov.tr/Dynamic/0""}]"
Valilik,Trabzon,TR,2017-03-11T00:00:00.000Z,2017-03-11T02:00:00+02:00,no2,38,µg/m³,41.00598984862633,39.71232186011893,"[{""name"":""National Air Quality Monitoring Network"",""url"":""http://index.havaizleme.gov.tr/Dynamic/0""}]"
Valilik,Trabzon,TR,2017-03-11T00:00:00.000Z,2017-03-11T02:00:00+02:00,so2,10,µg/m³,41.00598984862633,39.71232186011893,"[{""name"":""National Air Quality Monitoring Network"",""url"":""http://index.havaizleme.gov.tr/Dynamic/0""}]"
Valilik,Trabzon,TR,2017-03-11T00:00:00.000Z,2017-03-11T02:00:00+02:00,pm10,44,µg/m³,41.00598984862633,39.71232186011893,"[{""name"":""National Air Quality Monitoring Network"",""url"":""http://index.havaizleme.gov.tr/Dynamic/0""}]"
Fatih,Trabzon,TR,2017-03-11T00:00:00.000Z,2017-03-11T02:00:00+02:00,co,1622,µg/m³,40.999223,39.694384,"[{""name"":""National Air Quality Monitoring Network"",""url"":""http://index.havaizleme.gov.tr/Dynamic/0""}]"
Fatih,Trabzon,TR,2017-03-11T00:00:00.000Z,2017-03-11T02:00:00+02:00,no2,72,µg/m³,40.999223,39.694384,"[{""name"":""National Air Quality Monitoring Network"",""url"":""http://index.havaizleme.gov.tr/Dynamic/0""}]"
Fatih,Trabzon,TR,2017-03-11T00:00:00.000Z,2017-03-11T02:00:00+02:00,so2,16,µg/m³,40.999223,39.694384,"[{""name"":""National Air Quality Monitoring Network"",""url"":""http://index.havaizleme.gov.tr/Dynamic/0""}]"
Fatih,Trabzon,TR,2017-03-11T00:00:00.000Z,2017-03-11T02:00:00+02:00,pm10,85,µg/m³,40.999223,39.694384,"[{""name"":""National Air Quality Monitoring Network"",""url"":""http://index.havaizleme.gov.tr/Dynamic/0""}]"
Beşirli,Trabzon,TR,2017-03-11T00:00:00.000Z,2017-03-11T02:00:00+02:00,co,854,µg/m³,40.993816,39.668266,"[{""name"":""National Air Quality Monitoring Network"",""url"":""http://index.havaizleme.gov.tr/Dynamic/0""}]"
Beşirli,Trabzon,TR,2017-03-11T00:00:00.000Z,2017-03-11T02:00:00+02:00,no2,56,µg/m³,40.993816,39.668266,"[{""name"":""National Air Quality Monitoring Network"",""url"":""http://index.havaizleme.gov.tr/Dynamic/0""}]"
Beşirli,Trabzon,TR,2017-03-11T00:00:00.000Z,2017-03-11T02:00:00+02:00,pm10,156,µg/m³,40.993816,39.668266,"[{""name"":""National Air Quality Monitoring Network"",""url"":""http://index.havaizleme.gov.tr/Dynamic/0""}]"
Akçaabat,Trabzon,TR,2017-03-11T00:00:00.000Z,2017-03-11T02:00:00+02:00,co,2361,µg/m³,41.014341,39.592318,"[{""name"":""National Air Quality Monitoring Network"",""url"":""http://index.havaizleme.gov.tr/Dynamic/0""}]"
Akçaabat,Trabzon,TR,2017-03-11T00:00:00.000Z,2017-03-11T02:00:00+02:00,o3,67,µg/m³,41.014341,39.592318,"[{""name"":""National Air Quality Monitoring Network"",""url"":""http://index.havaizleme.gov.tr/Dynamic/0""}]"
Akçaabat,Trabzon,TR,2017-03-11T00:00:00.000Z,2017-03-11T02:00:00+02:00,pm10,84,µg/m³,41.014341,39.592318,"[{""name"":""National Air Quality Monitoring Network"",""url"":""http://index.havaizleme.gov.tr/Dynamic/0""}]"
Akçaabat,Trabzon,TR,2017-03-11T00:00:00.000Z,2017-03-11T02:00:00+02:00,no2,21,µg/m³,41.014341,39.592318,"[{""name"":""National Air Quality Monitoring Network"",""url"":""http://index.havaizleme.gov.tr/Dynamic/0""}]"
Akçaabat,Trabzon,TR,2017-03-11T00:00:00.000Z,2017-03-11T02:00:00+02:00,so2,5,µg/m³,41.014341,39.592318,"[{""name"":""National Air Quality Monitoring Network"",""url"":""http://index.havaizleme.gov.tr/Dynamic/0""}]"
Turhal,Tokat,TR,2017-03-11T00:00:00.000Z,2017-03-11T02:00:00+02:00,no2,15,µg/m³,40.3856098,36.0827968,"[{""name"":""National Air Quality Monitoring Network"",""url"":""http://index.havaizleme.gov.tr/Dynamic/0""}]"
Meydan,Tokat,TR,2017-03-11T00:00:00.000Z,2017-03-11T02:00:00+02:00,no2,41,µg/m³,40.318664,36.552103,"[{""name"":""National Air Quality Monitoring Network"",""url"":""http://index.havaizleme.gov.tr/Dynamic/0""}]"
Turhal,Tokat,TR,2017-03-11T00:00:00.000Z,2017-03-11T02:00:00+02:00,pm10,60,µg/m³,40.3856098,36.0827968,"[{""name"":""National Air Quality Monitoring Network"",""url"":""http://index.havaizleme.gov.tr/Dynamic/0""}]"
Turhal,Tokat,TR,2017-03-11T00:00:00.000Z,2017-03-11T02:00:00+02:00,so2,29,µg/m³,40.3856098,36.0827968,"[{""name"":""National Air Quality Monitoring Network"",""url"":""http://index.havaizleme.gov.tr/Dynamic/0""}]"
Meydan,Tokat,TR,2017-03-11T00:00:00.000Z,2017-03-11T02:00:00+02:00,co,119,µg/m³,40.318664,36.552103,"[{""name"":""National Air Quality Monitoring Network"",""url"":""http://index.havaizleme.gov.tr/Dynamic/0""}]"
Meydan,Tokat,TR,2017-03-11T00:00:00.000Z,2017-03-11T02:00:00+02:00,o3,24,µg/m³,40.318664,36.552103,"[{""name"":""National Air Quality Monitoring Network"",""url"":""http://index.havaizleme.gov.tr/Dynamic/0""}]"
Meydan,Tokat,TR,2017-03-11T00:00:00.000Z,2017-03-11T02:00:00+02:00,pm10,103,µg/m³,40.318664,36.552103,"[{""name"":""National Air Quality Monitoring Network"",""url"":""http://index.havaizleme.gov.tr/Dynamic/0""}]"
Başöğretmen,Sivas,TR,2017-03-11T00:00:00.000Z,2017-03-11T02:00:00+02:00,no2,111,µg/m³,39.74872,37.025655,"[{""name"":""National Air Quality Monitoring Network"",""url"":""http://index.havaizleme.gov.tr/Dynamic/0""}]"
Başöğretmen,Sivas,TR,2017-03-11T00:00:00.000Z,2017-03-11T02:00:00+02:00,so2,7,µg/m³,39.74872,37.025655,"[{""name"":""National Air Quality Monitoring Network"",""url"":""http://index.havaizleme.gov.tr/Dynamic/0""}]"
Başöğretmen,Sivas,TR,2017-03-11T00:00:00.000Z,2017-03-11T02:00:00+02:00,pm10,81,µg/m³,39.74872,37.025655,"[{""name"":""National Air Quality Monitoring Network"",""url"":""http://index.havaizleme.gov.tr/Dynamic/0""}]"
İstasyonkavşağı,Sivas,TR,2017-03-11T00:00:00.000Z,2017-03-11T02:00:00+02:00,pm10,74,µg/m³,39.747295,37.013159,"[{""name"":""National Air Quality Monitoring Network"",""url"":""http://index.havaizleme.gov.tr/Dynamic/0""}]"
İstasyonkavşağı,Sivas,TR,2017-03-11T00:00:00.000Z,2017-03-11T02:00:00+02:00,no2,53,µg/m³,39.747295,37.013159,"[{""name"":""National Air Quality Monitoring Network"",""url"":""http://index.havaizleme.gov.tr/Dynamic/0""}]"
İstasyonkavşağı,Sivas,TR,2017-03-11T00:00:00.000Z,2017-03-11T02:00:00+02:00,co,187,µg/m³,39.747295,37.013159,"[{""name"":""National Air Quality Monitoring Network"",""url"":""http://index.havaizleme.gov.tr/Dynamic/0""}]"
Meteoroloji,Sivas,TR,2017-03-11T00:00:00.000Z,2017-03-11T02:00:00+02:00,so2,5,µg/m³,39.743774800954604,37.00178103944479,"[{""name"":""National Air Quality Monitoring Network"",""url"":""http://index.havaizleme.gov.tr/Dynamic/0""}]"
Meteoroloji,Sivas,TR,2017-03-11T00:00:00.000Z,2017-03-11T02:00:00+02:00,pm10,33,µg/m³,39.743774800954604,37.00178103944479,"[{""name"":""National Air Quality Monitoring Network"",""url"":""http://index.havaizleme.gov.tr/Dynamic/0""}]"
Boyabat,Sinop,TR,2017-03-11T00:00:00.000Z,2017-03-11T02:00:00+02:00,co,450,µg/m³,41.461213,34.77701,"[{""name"":""National Air Quality Monitoring Network"",""url"":""http://index.havaizleme.gov.tr/Dynamic/0""}]"
Boyabat,Sinop,TR,2017-03-11T00:00:00.000Z,2017-03-11T02:00:00+02:00,no2,21,µg/m³,41.461213,34.77701,"[{""name"":""National Air Quality Monitoring Network"",""url"":""http://index.havaizleme.gov.tr/Dynamic/0""}]"
Boyabat,Sinop,TR,2017-03-11T00:00:00.000Z,2017-03-11T02:00:00+02:00,so2,25,µg/m³,41.461213,34.77701,"[{""name"":""National Air Quality Monitoring Network"",""url"":""http://index.havaizleme.gov.tr/Dynamic/0""}]"
Boyabat,Sinop,TR,2017-03-11T00:00:00.000Z,2017-03-11T02:00:00+02:00,pm10,43,µg/m³,41.461213,34.77701,"[{""name"":""National Air Quality Monitoring Network"",""url"":""http://index.havaizleme.gov.tr/Dynamic/0""}]"
Yüzüncüyıl,Samsun,TR,2017-03-11T00:00:00.000Z,2017-03-11T02:00:00+02:00,co,38,µg/m³,41.287469,36.329247,"[{""name"":""National Air Quality Monitoring Network"",""url"":""http://index.havaizleme.gov.tr/Dynamic/0""}]"
Yüzüncüyıl,Samsun,TR,2017-03-11T00:00:00.000Z,2017-03-11T02:00:00+02:00,o3,32,µg/m³,41.287469,36.329247,"[{""name"":""National Air Quality Monitoring Network"",""url"":""http://index.havaizleme.gov.tr/Dynamic/0""}]"
Yüzüncüyıl,Samsun,TR,2017-03-11T00:00:00.000Z,2017-03-11T02:00:00+02:00,no2,62,µg/m³,41.287469,36.329247,"[{""name"":""National Air Quality Monitoring Network"",""url"":""http://index.havaizleme.gov.tr/Dynamic/0""}]"
Yüzüncüyıl,Samsun,TR,2017-03-11T00:00:00.000Z,2017-03-11T02:00:00+02:00,pm10,211,µg/m³,41.287469,36.329247,"[{""name"":""National Air Quality Monitoring Network"",""url"":""http://index.havaizleme.gov.tr/Dynamic/0""}]"
Atakum,Samsun,TR,2017-03-11T00:00:00.000Z,2017-03-11T02:00:00+02:00,o3,38,µg/m³,41.3253836,36.2965958,"[{""name"":""National Air Quality Monitoring Network"",""url"":""http://index.havaizleme.gov.tr/Dynamic/0""}]"
Atakum,Samsun,TR,2017-03-11T00:00:00.000Z,2017-03-11T02:00:00+02:00,no2,46,µg/m³,41.3253836,36.2965958,"[{""name"":""National Air Quality Monitoring Network"",""url"":""http://index.havaizleme.gov.tr/Dynamic/0""}]"
Atakum,Samsun,TR,2017-03-11T00:00:00.000Z,2017-03-11T02:00:00+02:00,so2,9,µg/m³,41.3253836,36.2965958,"[{""name"":""National Air Quality Monitoring Network"",""url"":""http://index.havaizleme.gov.tr/Dynamic/0""}]"
Atakum,Samsun,TR,2017-03-11T00:00:00.000Z,2017-03-11T02:00:00+02:00,pm10,113,µg/m³,41.3253836,36.2965958,"[{""name"":""National Air Quality Monitoring Network"",""url"":""http://index.havaizleme.gov.tr/Dynamic/0""}]"
Canik,Samsun,TR,2017-03-11T00:00:00.000Z,2017-03-11T02:00:00+02:00,no2,25,µg/m³,41.263215,36.3523681,"[{""name"":""National Air Quality Monitoring Network"",""url"":""http://index.havaizleme.gov.tr/Dynamic/0""}]"
Canik,Samsun,TR,2017-03-11T00:00:00.000Z,2017-03-11T02:00:00+02:00,so2,49,µg/m³,41.263215,36.3523681,"[{""name"":""National Air Quality Monitoring Network"",""url"":""http://index.havaizleme.gov.tr/Dynamic/0""}]"
Canik,Samsun,TR,2017-03-11T00:00:00.000Z,2017-03-11T02:00:00+02:00,pm10,206,µg/m³,41.263215,36.3523681,"[{""name"":""National Air Quality Monitoring Network"",""url"":""http://index.havaizleme.gov.tr/Dynamic/0""}]"
Bafra,Samsun,TR,2017-03-11T00:00:00.000Z,2017-03-11T02:00:00+02:00,no2,25,µg/m³,41.5624597,35.90741,"[{""name"":""National Air Quality Monitoring Network"",""url"":""http://index.havaizleme.gov.tr/Dynamic/0""}]"
Bafra,Samsun,TR,2017-03-11T00:00:00.000Z,2017-03-11T02:00:00+02:00,so2,32,µg/m³,41.5624597,35.90741,"[{""name"":""National Air Quality Monitoring Network"",""url"":""http://index.havaizleme.gov.tr/Dynamic/0""}]"
Bafra,Samsun,TR,2017-03-11T00:00:00.000Z,2017-03-11T02:00:00+02:00,pm10,94,µg/m³,41.5624597,35.90741,"[{""name"":""National Air Quality Monitoring Network"",""url"":""http://index.havaizleme.gov.tr/Dynamic/0""}]"
Tekkeköy,Samsun,TR,2017-03-11T00:00:00.000Z,2017-03-11T02:00:00+02:00,no2,42,µg/m³,41.2235101,36.4550862,"[{""name"":""National Air Quality Monitoring Network"",""url"":""http://index.havaizleme.gov.tr/Dynamic/0""}]"
Tekkeköy,Samsun,TR,2017-03-11T00:00:00.000Z,2017-03-11T02:00:00+02:00,co,1492,µg/m³,41.2235101,36.4550862,"[{""name"":""National Air Quality Monitoring Network"",""url"":""http://index.havaizleme.gov.tr/Dynamic/0""}]"
Tekkeköy,Samsun,TR,2017-03-11T00:00:00.000Z,2017-03-11T02:00:00+02:00,so2,16,µg/m³,41.2235101,36.4550862,"[{""name"":""National Air Quality Monitoring Network"",""url"":""http://index.havaizleme.gov.tr/Dynamic/0""}]"
İlkadım Hastane,Samsun,TR,2017-03-11T00:00:00.000Z,2017-03-11T02:00:00+02:00,pm10,79,µg/m³,41.277959491832085,36.338110242528955,"[{""name"":""National Air Quality Monitoring Network"",""url"":""http://index.havaizleme.gov.tr/Dynamic/0""}]"
İlkadım Hastane,Samsun,TR,2017-03-11T00:00:00.000Z,2017-03-11T02:00:00+02:00,so2,3,µg/m³,41.277959491832085,36.338110242528955,"[{""name"":""National Air Quality Monitoring Network"",""url"":""http://index.havaizleme.gov.tr/Dynamic/0""}]"
Tekkeköy,Samsun,TR,2017-03-11T00:00:00.000Z,2017-03-11T02:00:00+02:00,pm10,0,µg/m³,41.2235101,36.4550862,"[{""name"":""National Air Quality Monitoring Network"",""url"":""http://index.havaizleme.gov.tr/Dynamic/0""}]"
Ardeşen,Rize,TR,2017-03-11T00:00:00.000Z,2017-03-11T02:00:00+02:00,o3,110,µg/m³,41.191763,40.989822,"[{""name"":""National Air Quality Monitoring Network"",""url"":""http://index.havaizleme.gov.tr/Dynamic/0""}]"
Ardeşen,Rize,TR,2017-03-11T00:00:00.000Z,2017-03-11T02:00:00+02:00,no2,4,µg/m³,41.191763,40.989822,"[{""name"":""National Air Quality Monitoring Network"",""url"":""http://index.havaizleme.gov.tr/Dynamic/0""}]"
Ardeşen,Rize,TR,2017-03-11T00:00:00.000Z,2017-03-11T02:00:00+02:00,so2,2,µg/m³,41.191763,40.989822,"[{""name"":""National Air Quality Monitoring Network"",""url"":""http://index.havaizleme.gov.tr/Dynamic/0""}]"
Ardeşen,Rize,TR,2017-03-11T00:00:00.000Z,2017-03-11T02:00:00+02:00,pm10,22,µg/m³,41.191763,40.989822,"[{""name"":""National Air Quality Monitoring Network"",""url"":""http://index.havaizleme.gov.tr/Dynamic/0""}]"
Ünye,Ordu,TR,2017-03-11T00:00:00.000Z,2017-03-11T02:00:00+02:00,o3,73,µg/m³,41.1214417,37.2802703,"[{""name"":""National Air Quality Monitoring Network"",""url"":""http://index.havaizleme.gov.tr/Dynamic/0""}]"
Ünye,Ordu,TR,2017-03-11T00:00:00.000Z,2017-03-11T02:00:00+02:00,no2,23,µg/m³,41.1214417,37.2802703,"[{""name"":""National Air Quality Monitoring Network"",""url"":""http://index.havaizleme.gov.tr/Dynamic/0""}]"
Ünye,Ordu,TR,2017-03-11T00:00:00.000Z,2017-03-11T02:00:00+02:00,so2,23,µg/m³,41.1214417,37.2802703,"[{""name"":""National Air Quality Monitoring Network"",""url"":""http://index.havaizleme.gov.tr/Dynamic/0""}]"
Ünye,Ordu,TR,2017-03-11T00:00:00.000Z,2017-03-11T02:00:00+02:00,pm10,139,µg/m³,41.1214417,37.2802703,"[{""name"":""National Air Quality Monitoring Network"",""url"":""http://index.havaizleme.gov.tr/Dynamic/0""}]"
Fatsa,Ordu,TR,2017-03-11T00:00:00.000Z,2017-03-11T02:00:00+02:00,no2,66,µg/m³,41.0271389,37.5000556,"[{""name"":""National Air Quality Monitoring Network"",""url"":""http://index.havaizleme.gov.tr/Dynamic/0""}]"
Fatsa,Ordu,TR,2017-03-11T00:00:00.000Z,2017-03-11T02:00:00+02:00,so2,18,µg/m³,41.0271389,37.5000556,"[{""name"":""National Air Quality Monitoring Network"",""url"":""http://index.havaizleme.gov.tr/Dynamic/0""}]"
Fatsa,Ordu,TR,2017-03-11T00:00:00.000Z,2017-03-11T02:00:00+02:00,pm10,84,µg/m³,41.0271389,37.5000556,"[{""name"":""National Air Quality Monitoring Network"",""url"":""http://index.havaizleme.gov.tr/Dynamic/0""}]"
Karşıyaka,Ordu,TR,2017-03-11T00:00:00.000Z,2017-03-11T02:00:00+02:00,co,0,µg/m³,40.97375,37.9075278,"[{""name"":""National Air Quality Monitoring Network"",""url"":""http://index.havaizleme.gov.tr/Dynamic/0""}]"
Karşıyaka,Ordu,TR,2017-03-11T00:00:00.000Z,2017-03-11T02:00:00+02:00,no2,314,µg/m³,40.97375,37.9075278,"[{""name"":""National Air Quality Monitoring Network"",""url"":""http://index.havaizleme.gov.tr/Dynamic/0""}]"
Karşıyaka,Ordu,TR,2017-03-11T00:00:00.000Z,2017-03-11T02:00:00+02:00,so2,25,µg/m³,40.97375,37.9075278,"[{""name"":""National Air Quality Monitoring Network"",""url"":""http://index.havaizleme.gov.tr/Dynamic/0""}]"
Karşıyaka,Ordu,TR,2017-03-11T00:00:00.000Z,2017-03-11T02:00:00+02:00,pm10,111,µg/m³,40.97375,37.9075278,"[{""name"":""National Air Quality Monitoring Network"",""url"":""http://index.havaizleme.gov.tr/Dynamic/0""}]"
Stadyum,Ordu,TR,2017-03-11T00:00:00.000Z,2017-03-11T02:00:00+02:00,so2,9,µg/m³,40.98340646961124,37.878434930134695,"[{""name"":""National Air Quality Monitoring Network"",""url"":""http://index.havaizleme.gov.tr/Dynamic/0""}]"
Stadyum,Ordu,TR,2017-03-11T00:00:00.000Z,2017-03-11T02:00:00+02:00,pm10,144,µg/m³,40.98340646961124,37.878434930134695,"[{""name"":""National Air Quality Monitoring Network"",""url"":""http://index.havaizleme.gov.tr/Dynamic/0""}]"
Yatağan,Muğla,TR,2017-03-11T00:00:00.000Z,2017-03-11T02:00:00+02:00,pm10,1000,µg/m³,37.34134476241637,28.13432396835796,"[{""name"":""National Air Quality Monitoring Network"",""url"":""http://index.havaizleme.gov.tr/Dynamic/0""}]"
Yatağan,Muğla,TR,2017-03-11T00:00:00.000Z,2017-03-11T02:00:00+02:00,so2,5,µg/m³,37.34134476241637,28.13432396835796,"[{""name"":""National Air Quality Monitoring Network"",""url"":""http://index.havaizleme.gov.tr/Dynamic/0""}]"
Musluhittin,Muğla,TR,2017-03-11T00:00:00.000Z,2017-03-11T02:00:00+02:00,pm10,70,µg/m³,37.215833,28.357222,"[{""name"":""National Air Quality Monitoring Network"",""url"":""http://index.havaizleme.gov.tr/Dynamic/0""}]"
Musluhittin,Muğla,TR,2017-03-11T00:00:00.000Z,2017-03-11T02:00:00+02:00,so2,4,µg/m³,37.215833,28.357222,"[{""name"":""National Air Quality Monitoring Network"",""url"":""http://index.havaizleme.gov.tr/Dynamic/0""}]"
Soma,Manisa,TR,2017-03-11T00:00:00.000Z,2017-03-11T02:00:00+02:00,co,569,µg/m³,39.18141643908877,27.612912654876723,"[{""name"":""National Air Quality Monitoring Network"",""url"":""http://index.havaizleme.gov.tr/Dynamic/0""}]"
Soma,Manisa,TR,2017-03-11T00:00:00.000Z,2017-03-11T02:00:00+02:00,o3,5,µg/m³,39.18141643908877,27.612912654876723,"[{""name"":""National Air Quality Monitoring Network"",""url"":""http://index.havaizleme.gov.tr/Dynamic/0""}]"
Soma,Manisa,TR,2017-03-11T00:00:00.000Z,2017-03-11T02:00:00+02:00,so2,39,µg/m³,39.18141643908877,27.612912654876723,"[{""name"":""National Air Quality Monitoring Network"",""url"":""http://index.havaizleme.gov.tr/Dynamic/0""}]"
Soma,Manisa,TR,2017-03-11T00:00:00.000Z,2017-03-11T02:00:00+02:00,no2,42,µg/m³,39.18141643908877,27.612912654876723,"[{""name"":""National Air Quality Monitoring Network"",""url"":""http://index.havaizleme.gov.tr/Dynamic/0""}]"
Soma,Manisa,TR,2017-03-11T00:00:00.000Z,2017-03-11T02:00:00+02:00,pm10,0,µg/m³,39.18141643908877,27.612912654876723,"[{""name"":""National Air Quality Monitoring Network"",""url"":""http://index.havaizleme.gov.tr/Dynamic/0""}]"
Selçuklu,Konya,TR,2017-03-11T00:00:00.000Z,2017-03-11T02:00:00+02:00,so2,5,µg/m³,37.944722,32.508056,"[{""name"":""National Air Quality Monitoring Network"",""url"":""http://index.havaizleme.gov.tr/Dynamic/0""}]"
Selçuklu,Konya,TR,2017-03-11T00:00:00.000Z,2017-03-11T02:00:00+02:00,pm10,77,µg/m³,37.944722,32.508056,"[{""name"":""National Air Quality Monitoring Network"",""url"":""http://index.havaizleme.gov.tr/Dynamic/0""}]"
Meram,Konya,TR,2017-03-11T00:00:00.000Z,2017-03-11T02:00:00+02:00,so2,8,µg/m³,37.860185319000905,32.47528118434389,"[{""name"":""National Air Quality Monitoring Network"",""url"":""http://index.havaizleme.gov.tr/Dynamic/0""}]"
Meram,Konya,TR,2017-03-11T00:00:00.000Z,2017-03-11T02:00:00+02:00,pm10,85,µg/m³,37.860185319000905,32.47528118434389,"[{""name"":""National Air Quality Monitoring Network"",""url"":""http://index.havaizleme.gov.tr/Dynamic/0""}]"
OSB,Kocaeli,TR,2017-03-11T00:00:00.000Z,2017-03-11T02:00:00+02:00,no2,24,µg/m³,40.788132,29.524634,"[{""name"":""National Air Quality Monitoring Network"",""url"":""http://index.havaizleme.gov.tr/Dynamic/0""}]"
OSB,Kocaeli,TR,2017-03-11T00:00:00.000Z,2017-03-11T02:00:00+02:00,so2,23,µg/m³,40.788132,29.524634,"[{""name"":""National Air Quality Monitoring Network"",""url"":""http://index.havaizleme.gov.tr/Dynamic/0""}]"
OSB,Kocaeli,TR,2017-03-11T00:00:00.000Z,2017-03-11T02:00:00+02:00,pm10,24,µg/m³,40.788132,29.524634,"[{""name"":""National Air Quality Monitoring Network"",""url"":""http://index.havaizleme.gov.tr/Dynamic/0""}]"
Dilovası-İMES OSB 1-MTHM,Kocaeli,TR,2017-03-11T00:00:00.000Z,2017-03-11T02:00:00+02:00,co,36,µg/m³,40.82623,29.56121,"[{""name"":""National Air Quality Monitoring Network"",""url"":""http://index.havaizleme.gov.tr/Dynamic/0""}]"
Dilovası-İMES OSB 1-MTHM,Kocaeli,TR,2017-03-11T00:00:00.000Z,2017-03-11T02:00:00+02:00,no2,18,µg/m³,40.82623,29.56121,"[{""name"":""National Air Quality Monitoring Network"",""url"":""http://index.havaizleme.gov.tr/Dynamic/0""}]"
Dilovası-İMES OSB 1-MTHM,Kocaeli,TR,2017-03-11T00:00:00.000Z,2017-03-11T02:00:00+02:00,pm10,36,µg/m³,40.82623,29.56121,"[{""name"":""National Air Quality Monitoring Network"",""url"":""http://index.havaizleme.gov.tr/Dynamic/0""}]"
Dilovası,Kocaeli,TR,2017-03-11T00:00:00.000Z,2017-03-11T02:00:00+02:00,co,1,µg/m³,40.788729,29.537187,"[{""name"":""National Air Quality Monitoring Network"",""url"":""http://index.havaizleme.gov.tr/Dynamic/0""}]"
Dilovası,Kocaeli,TR,2017-03-11T00:00:00.000Z,2017-03-11T02:00:00+02:00,o3,48,µg/m³,40.788729,29.537187,"[{""name"":""National Air Quality Monitoring Network"",""url"":""http://index.havaizleme.gov.tr/Dynamic/0""}]"
Dilovası,Kocaeli,TR,2017-03-11T00:00:00.000Z,2017-03-11T02:00:00+02:00,no2,0,µg/m³,40.788729,29.537187,"[{""name"":""National Air Quality Monitoring Network"",""url"":""http://index.havaizleme.gov.tr/Dynamic/0""}]"
Dilovası,Kocaeli,TR,2017-03-11T00:00:00.000Z,2017-03-11T02:00:00+02:00,so2,12,µg/m³,40.788729,29.537187,"[{""name"":""National Air Quality Monitoring Network"",""url"":""http://index.havaizleme.gov.tr/Dynamic/0""}]"
Dilovası,Kocaeli,TR,2017-03-11T00:00:00.000Z,2017-03-11T02:00:00+02:00,pm10,0,µg/m³,40.788729,29.537187,"[{""name"":""National Air Quality Monitoring Network"",""url"":""http://index.havaizleme.gov.tr/Dynamic/0""}]"
Hürriyet,Kayseri,TR,2017-03-11T00:00:00.000Z,2017-03-11T02:00:00+02:00,co,514,µg/m³,38.7235546547282,35.46961737310355,"[{""name"":""National Air Quality Monitoring Network"",""url"":""http://index.havaizleme.gov.tr/Dynamic/0""}]"
Hürriyet,Kayseri,TR,2017-03-11T00:00:00.000Z,2017-03-11T02:00:00+02:00,no2,111,µg/m³,38.7235546547282,35.46961737310355,"[{""name"":""National Air Quality Monitoring Network"",""url"":""http://index.havaizleme.gov.tr/Dynamic/0""}]"
Hürriyet,Kayseri,TR,2017-03-11T00:00:00.000Z,2017-03-11T02:00:00+02:00,so2,16,µg/m³,38.7235546547282,35.46961737310355,"[{""name"":""National Air Quality Monitoring Network"",""url"":""http://index.havaizleme.gov.tr/Dynamic/0""}]"
Hürriyet,Kayseri,TR,2017-03-11T00:00:00.000Z,2017-03-11T02:00:00+02:00,pm10,98,µg/m³,38.7235546547282,35.46961737310355,"[{""name"":""National Air Quality Monitoring Network"",""url"":""http://index.havaizleme.gov.tr/Dynamic/0""}]"
Melikgazi,Kayseri,TR,2017-03-11T00:00:00.000Z,2017-03-11T02:00:00+02:00,so2,2,µg/m³,38.72489728468448,35.515612039976475,"[{""name"":""National Air Quality Monitoring Network"",""url"":""http://index.havaizleme.gov.tr/Dynamic/0""}]"
Melikgazi,Kayseri,TR,2017-03-11T00:00:00.000Z,2017-03-11T02:00:00+02:00,pm10,223,µg/m³,38.72489728468448,35.515612039976475,"[{""name"":""National Air Quality Monitoring Network"",""url"":""http://index.havaizleme.gov.tr/Dynamic/0""}]"
Trafik,Kars,TR,2017-03-11T00:00:00.000Z,2017-03-11T02:00:00+02:00,co,933,µg/m³,40.600961,43.096822,"[{""name"":""National Air Quality Monitoring Network"",""url"":""http://index.havaizleme.gov.tr/Dynamic/0""}]"
Trafik,Kars,TR,2017-03-11T00:00:00.000Z,2017-03-11T02:00:00+02:00,pm10,119,µg/m³,40.600961,43.096822,"[{""name"":""National Air Quality Monitoring Network"",""url"":""http://index.havaizleme.gov.tr/Dynamic/0""}]"
Trafik,Kars,TR,2017-03-11T00:00:00.000Z,2017-03-11T02:00:00+02:00,no2,25,µg/m³,40.600961,43.096822,"[{""name"":""National Air Quality Monitoring Network"",""url"":""http://index.havaizleme.gov.tr/Dynamic/0""}]"
İstasyon Mah.,Kars,TR,2017-03-11T00:00:00.000Z,2017-03-11T02:00:00+02:00,co,870,µg/m³,40.605043477990854,43.10448690555501,"[{""name"":""National Air Quality Monitoring Network"",""url"":""http://index.havaizleme.gov.tr/Dynamic/0""}]"
İstasyon Mah.,Kars,TR,2017-03-11T00:00:00.000Z,2017-03-11T02:00:00+02:00,o3,36,µg/m³,40.605043477990854,43.10448690555501,"[{""name"":""National Air Quality Monitoring Network"",""url"":""http://index.havaizleme.gov.tr/Dynamic/0""}]"
İstasyon Mah.,Kars,TR,2017-03-11T00:00:00.000Z,2017-03-11T02:00:00+02:00,no2,22,µg/m³,40.605043477990854,43.10448690555501,"[{""name"":""National Air Quality Monitoring Network"",""url"":""http://index.havaizleme.gov.tr/Dynamic/0""}]"
İstasyon Mah.,Kars,TR,2017-03-11T00:00:00.000Z,2017-03-11T02:00:00+02:00,so2,31,µg/m³,40.605043477990854,43.10448690555501,"[{""name"":""National Air Quality Monitoring Network"",""url"":""http://index.havaizleme.gov.tr/Dynamic/0""}]"
İstasyon Mah.,Kars,TR,2017-03-11T00:00:00.000Z,2017-03-11T02:00:00+02:00,pm10,99,µg/m³,40.605043477990854,43.10448690555501,"[{""name"":""National Air Quality Monitoring Network"",""url"":""http://index.havaizleme.gov.tr/Dynamic/0""}]"
Elbistan,Kahramanmaraş,TR,2017-03-11T00:00:00.000Z,2017-03-11T02:00:00+02:00,so2,7,µg/m³,38.20384825082048,37.198347729773346,"[{""name"":""National Air Quality Monitoring Network"",""url"":""http://index.havaizleme.gov.tr/Dynamic/0""}]"
Elbistan,Kahramanmaraş,TR,2017-03-11T00:00:00.000Z,2017-03-11T02:00:00+02:00,pm10,82,µg/m³,38.20384825082048,37.198347729773346,"[{""name"":""National Air Quality Monitoring Network"",""url"":""http://index.havaizleme.gov.tr/Dynamic/0""}]"
Güzelyalı,İzmir,TR,2017-03-11T00:00:00.000Z,2017-03-11T02:00:00+02:00,pm10,46,µg/m³,38.395833,27.082778,"[{""name"":""National Air Quality Monitoring Network"",""url"":""http://index.havaizleme.gov.tr/Dynamic/0""}]"
Güzelyalı,İzmir,TR,2017-03-11T00:00:00.000Z,2017-03-11T02:00:00+02:00,no2,36,µg/m³,38.395833,27.082778,"[{""name"":""National Air Quality Monitoring Network"",""url"":""http://index.havaizleme.gov.tr/Dynamic/0""}]"
Güzelyalı,İzmir,TR,2017-03-11T00:00:00.000Z,2017-03-11T02:00:00+02:00,co,507,µg/m³,38.395833,27.082778,"[{""name"":""National Air Quality Monitoring Network"",""url"":""http://index.havaizleme.gov.tr/Dynamic/0""}]"
Güzelyalı,İzmir,TR,2017-03-11T00:00:00.000Z,2017-03-11T02:00:00+02:00,so2,18,µg/m³,38.395833,27.082778,"[{""name"":""National Air Quality Monitoring Network"",""url"":""http://index.havaizleme.gov.tr/Dynamic/0""}]"
Gaziemir,İzmir,TR,2017-03-11T00:00:00.000Z,2017-03-11T02:00:00+02:00,so2,3,µg/m³,38.314452405705524,27.137306586191276,"[{""name"":""National Air Quality Monitoring Network"",""url"":""http://index.havaizleme.gov.tr/Dynamic/0""}]"
Gaziemir,İzmir,TR,2017-03-11T00:00:00.000Z,2017-03-11T02:00:00+02:00,pm10,42,µg/m³,38.314452405705524,27.137306586191276,"[{""name"":""National Air Quality Monitoring Network"",""url"":""http://index.havaizleme.gov.tr/Dynamic/0""}]"
Bornova,İzmir,TR,2017-03-11T00:00:00.000Z,2017-03-11T02:00:00+02:00,co,722,µg/m³,38.469167,27.221389,"[{""name"":""National Air Quality Monitoring Network"",""url"":""http://index.havaizleme.gov.tr/Dynamic/0""}]"
Bornova,İzmir,TR,2017-03-11T00:00:00.000Z,2017-03-11T02:00:00+02:00,no2,61,µg/m³,38.469167,27.221389,"[{""name"":""National Air Quality Monitoring Network"",""url"":""http://index.havaizleme.gov.tr/Dynamic/0""}]"
Bornova,İzmir,TR,2017-03-11T00:00:00.000Z,2017-03-11T02:00:00+02:00,so2,8,µg/m³,38.469167,27.221389,"[{""name"":""National Air Quality Monitoring Network"",""url"":""http://index.havaizleme.gov.tr/Dynamic/0""}]"
Bornova,İzmir,TR,2017-03-11T00:00:00.000Z,2017-03-11T02:00:00+02:00,pm10,31,µg/m³,38.469167,27.221389,"[{""name"":""National Air Quality Monitoring Network"",""url"":""http://index.havaizleme.gov.tr/Dynamic/0""}]"
Alsancak,İzmir,TR,2017-03-11T00:00:00.000Z,2017-03-11T02:00:00+02:00,co,66,µg/m³,38.432222,27.144444,"[{""name"":""National Air Quality Monitoring Network"",""url"":""http://index.havaizleme.gov.tr/Dynamic/0""}]"
Alsancak,İzmir,TR,2017-03-11T00:00:00.000Z,2017-03-11T02:00:00+02:00,so2,12,µg/m³,38.432222,27.144444,"[{""name"":""National Air Quality Monitoring Network"",""url"":""http://index.havaizleme.gov.tr/Dynamic/0""}]"
Alsancak,İzmir,TR,2017-03-11T00:00:00.000Z,2017-03-11T02:00:00+02:00,pm10,26,µg/m³,38.432222,27.144444,"[{""name"":""National Air Quality Monitoring Network"",""url"":""http://index.havaizleme.gov.tr/Dynamic/0""}]"
Çatladıkapı,İstanbul,TR,2017-03-11T00:00:00.000Z,2017-03-11T02:00:00+02:00,co,1677,µg/m³,41.0025,28.975278,"[{""name"":""National Air Quality Monitoring Network"",""url"":""http://index.havaizleme.gov.tr/Dynamic/0""}]"
Çatladıkapı,İstanbul,TR,2017-03-11T00:00:00.000Z,2017-03-11T02:00:00+02:00,o3,28,µg/m³,41.0025,28.975278,"[{""name"":""National Air Quality Monitoring Network"",""url"":""http://index.havaizleme.gov.tr/Dynamic/0""}]"
Çatladıkapı,İstanbul,TR,2017-03-11T00:00:00.000Z,2017-03-11T02:00:00+02:00,no2,60,µg/m³,41.0025,28.975278,"[{""name"":""National Air Quality Monitoring Network"",""url"":""http://index.havaizleme.gov.tr/Dynamic/0""}]"
Çatladıkapı,İstanbul,TR,2017-03-11T00:00:00.000Z,2017-03-11T02:00:00+02:00,pm10,16,µg/m³,41.0025,28.975278,"[{""name"":""National Air Quality Monitoring Network"",""url"":""http://index.havaizleme.gov.tr/Dynamic/0""}]"
Aralık,Iğdır,TR,2017-03-11T00:00:00.000Z,2017-03-11T02:00:00+02:00,pm10,58,µg/m³,39.795454,44.625607,"[{""name"":""National Air Quality Monitoring Network"",""url"":""http://index.havaizleme.gov.tr/Dynamic/0""}]"
Aralık,Iğdır,TR,2017-03-11T00:00:00.000Z,2017-03-11T02:00:00+02:00,no2,16,µg/m³,39.795454,44.625607,"[{""name"":""National Air Quality Monitoring Network"",""url"":""http://index.havaizleme.gov.tr/Dynamic/0""}]"
Aralık,Iğdır,TR,2017-03-11T00:00:00.000Z,2017-03-11T02:00:00+02:00,so2,8,µg/m³,39.795454,44.625607,"[{""name"":""National Air Quality Monitoring Network"",""url"":""http://index.havaizleme.gov.tr/Dynamic/0""}]"
İskenderun,Hatay,TR,2017-03-11T00:00:00.000Z,2017-03-11T02:00:00+02:00,co,125,µg/m³,36.71414037953853,36.2239186822096,"[{""name"":""National Air Quality Monitoring Network"",""url"":""http://index.havaizleme.gov.tr/Dynamic/0""}]"
İskenderun,Hatay,TR,2017-03-11T00:00:00.000Z,2017-03-11T02:00:00+02:00,o3,101,µg/m³,36.71414037953853,36.2239186822096,"[{""name"":""National Air Quality Monitoring Network"",""url"":""http://index.havaizleme.gov.tr/Dynamic/0""}]"
İskenderun,Hatay,TR,2017-03-11T00:00:00.000Z,2017-03-11T02:00:00+02:00,pm10,482,µg/m³,36.71414037953853,36.2239186822096,"[{""name"":""National Air Quality Monitoring Network"",""url"":""http://index.havaizleme.gov.tr/Dynamic/0""}]"
İskenderun,Hatay,TR,2017-03-11T00:00:00.000Z,2017-03-11T02:00:00+02:00,no2,3,µg/m³,36.71414037953853,36.2239186822096,"[{""name"":""National Air Quality Monitoring Network"",""url"":""http://index.havaizleme.gov.tr/Dynamic/0""}]"
İskenderun,Hatay,TR,2017-03-11T00:00:00.000Z,2017-03-11T02:00:00+02:00,so2,7,µg/m³,36.71414037953853,36.2239186822096,"[{""name"":""National Air Quality Monitoring Network"",""url"":""http://index.havaizleme.gov.tr/Dynamic/0""}]"
Antakya,Hatay,TR,2017-03-11T00:00:00.000Z,2017-03-11T02:00:00+02:00,so2,5,µg/m³,36.2078923869518,36.15239486011883,"[{""name"":""National Air Quality Monitoring Network"",""url"":""http://index.havaizleme.gov.tr/Dynamic/0""}]"
Antakya,Hatay,TR,2017-03-11T00:00:00.000Z,2017-03-11T02:00:00+02:00,pm10,796,µg/m³,36.2078923869518,36.15239486011883,"[{""name"":""National Air Quality Monitoring Network"",""url"":""http://index.havaizleme.gov.tr/Dynamic/0""}]"
Gemilercekeği,Giresun,TR,2017-03-11T00:00:00.000Z,2017-03-11T02:00:00+02:00,co,2319,µg/m³,40.914445,38.3985642,"[{""name"":""National Air Quality Monitoring Network"",""url"":""http://index.havaizleme.gov.tr/Dynamic/0""}]"
Gemilercekeği,Giresun,TR,2017-03-11T00:00:00.000Z,2017-03-11T02:00:00+02:00,o3,19,µg/m³,40.914445,38.3985642,"[{""name"":""National Air Quality Monitoring Network"",""url"":""http://index.havaizleme.gov.tr/Dynamic/0""}]"
Gemilercekeği,Giresun,TR,2017-03-11T00:00:00.000Z,2017-03-11T02:00:00+02:00,no2,175,µg/m³,40.914445,38.3985642,"[{""name"":""National Air Quality Monitoring Network"",""url"":""http://index.havaizleme.gov.tr/Dynamic/0""}]"
Gemilercekeği,Giresun,TR,2017-03-11T00:00:00.000Z,2017-03-11T02:00:00+02:00,so2,50,µg/m³,40.914445,38.3985642,"[{""name"":""National Air Quality Monitoring Network"",""url"":""http://index.havaizleme.gov.tr/Dynamic/0""}]"
Gemilercekeği,Giresun,TR,2017-03-11T00:00:00.000Z,2017-03-11T02:00:00+02:00,pm10,116,µg/m³,40.914445,38.3985642,"[{""name"":""National Air Quality Monitoring Network"",""url"":""http://index.havaizleme.gov.tr/Dynamic/0""}]"
Pasinler,Erzurum,TR,2017-03-11T00:00:00.000Z,2017-03-11T02:00:00+02:00,o3,49,µg/m³,40.033451,41.572121,"[{""name"":""National Air Quality Monitoring Network"",""url"":""http://index.havaizleme.gov.tr/Dynamic/0""}]"
Taşhan,Erzurum,TR,2017-03-11T00:00:00.000Z,2017-03-11T02:00:00+02:00,no2,9,µg/m³,39.908334,41.273226,"[{""name"":""National Air Quality Monitoring Network"",""url"":""http://index.havaizleme.gov.tr/Dynamic/0""}]"
Taşhan,Erzurum,TR,2017-03-11T00:00:00.000Z,2017-03-11T02:00:00+02:00,co,232,µg/m³,39.908334,41.273226,"[{""name"":""National Air Quality Monitoring Network"",""url"":""http://index.havaizleme.gov.tr/Dynamic/0""}]"
Taşhan,Erzurum,TR,2017-03-11T00:00:00.000Z,2017-03-11T02:00:00+02:00,pm10,80,µg/m³,39.908334,41.273226,"[{""name"":""National Air Quality Monitoring Network"",""url"":""http://index.havaizleme.gov.tr/Dynamic/0""}]"
Pasinler,Erzurum,TR,2017-03-11T00:00:00.000Z,2017-03-11T02:00:00+02:00,no2,40,µg/m³,40.033451,41.572121,"[{""name"":""National Air Quality Monitoring Network"",""url"":""http://index.havaizleme.gov.tr/Dynamic/0""}]"
Pasinler,Erzurum,TR,2017-03-11T00:00:00.000Z,2017-03-11T02:00:00+02:00,so2,6,µg/m³,40.033451,41.572121,"[{""name"":""National Air Quality Monitoring Network"",""url"":""http://index.havaizleme.gov.tr/Dynamic/0""}]"
Palandöken,Erzurum,TR,2017-03-11T00:00:00.000Z,2017-03-11T02:00:00+02:00,co,351,µg/m³,39.867691,41.275272,"[{""name"":""National Air Quality Monitoring Network"",""url"":""http://index.havaizleme.gov.tr/Dynamic/0""}]"
Pasinler,Erzurum,TR,2017-03-11T00:00:00.000Z,2017-03-11T02:00:00+02:00,pm10,32,µg/m³,40.033451,41.572121,"[{""name"":""National Air Quality Monitoring Network"",""url"":""http://index.havaizleme.gov.tr/Dynamic/0""}]"
Palandöken,Erzurum,TR,2017-03-11T00:00:00.000Z,2017-03-11T02:00:00+02:00,o3,85,µg/m³,39.867691,41.275272,"[{""name"":""National Air Quality Monitoring Network"",""url"":""http://index.havaizleme.gov.tr/Dynamic/0""}]"
Palandöken,Erzurum,TR,2017-03-11T00:00:00.000Z,2017-03-11T02:00:00+02:00,no2,8,µg/m³,39.867691,41.275272,"[{""name"":""National Air Quality Monitoring Network"",""url"":""http://index.havaizleme.gov.tr/Dynamic/0""}]"
Aziziye,Erzurum,TR,2017-03-11T00:00:00.000Z,2017-03-11T02:00:00+02:00,no2,9,µg/m³,39.918984,41.271757,"[{""name"":""National Air Quality Monitoring Network"",""url"":""http://index.havaizleme.gov.tr/Dynamic/0""}]"
Aziziye,Erzurum,TR,2017-03-11T00:00:00.000Z,2017-03-11T02:00:00+02:00,pm10,44,µg/m³,39.918984,41.271757,"[{""name"":""National Air Quality Monitoring Network"",""url"":""http://index.havaizleme.gov.tr/Dynamic/0""}]"
Palandöken,Erzurum,TR,2017-03-11T00:00:00.000Z,2017-03-11T02:00:00+02:00,pm10,23,µg/m³,39.867691,41.275272,"[{""name"":""National Air Quality Monitoring Network"",""url"":""http://index.havaizleme.gov.tr/Dynamic/0""}]"
Aziziye,Erzurum,TR,2017-03-11T00:00:00.000Z,2017-03-11T02:00:00+02:00,co,154,µg/m³,39.918984,41.271757,"[{""name"":""National Air Quality Monitoring Network"",""url"":""http://index.havaizleme.gov.tr/Dynamic/0""}]"
Palandöken,Erzurum,TR,2017-03-11T00:00:00.000Z,2017-03-11T02:00:00+02:00,so2,5,µg/m³,39.867691,41.275272,"[{""name"":""National Air Quality Monitoring Network"",""url"":""http://index.havaizleme.gov.tr/Dynamic/0""}]"
Aziziye,Erzurum,TR,2017-03-11T00:00:00.000Z,2017-03-11T02:00:00+02:00,so2,11,µg/m³,39.918984,41.271757,"[{""name"":""National Air Quality Monitoring Network"",""url"":""http://index.havaizleme.gov.tr/Dynamic/0""}]"
Trafik,Erzincan,TR,2017-03-11T00:00:00.000Z,2017-03-11T02:00:00+02:00,co,266,µg/m³,39.746445,39.497068,"[{""name"":""National Air Quality Monitoring Network"",""url"":""http://index.havaizleme.gov.tr/Dynamic/0""}]"
Trafik,Erzincan,TR,2017-03-11T00:00:00.000Z,2017-03-11T02:00:00+02:00,no2,4,µg/m³,39.746445,39.497068,"[{""name"":""National Air Quality Monitoring Network"",""url"":""http://index.havaizleme.gov.tr/Dynamic/0""}]"
Trafik,Erzincan,TR,2017-03-11T00:00:00.000Z,2017-03-11T02:00:00+02:00,so2,9,µg/m³,39.746445,39.497068,"[{""name"":""National Air Quality Monitoring Network"",""url"":""http://index.havaizleme.gov.tr/Dynamic/0""}]"
Trafik,Erzincan,TR,2017-03-11T00:00:00.000Z,2017-03-11T02:00:00+02:00,pm10,79,µg/m³,39.746445,39.497068,"[{""name"":""National Air Quality Monitoring Network"",""url"":""http://index.havaizleme.gov.tr/Dynamic/0""}]"
Bayramyeri,Denizli,TR,2017-03-11T00:00:00.000Z,2017-03-11T02:00:00+02:00,so2,16,µg/m³,37.76639514321299,29.097062552221335,"[{""name"":""National Air Quality Monitoring Network"",""url"":""http://index.havaizleme.gov.tr/Dynamic/0""}]"
Bayramyeri,Denizli,TR,2017-03-11T00:00:00.000Z,2017-03-11T02:00:00+02:00,pm10,38,µg/m³,37.76639514321299,29.097062552221335,"[{""name"":""National Air Quality Monitoring Network"",""url"":""http://index.havaizleme.gov.tr/Dynamic/0""}]"
Mimar Sinan,Çorum,TR,2017-03-11T00:00:00.000Z,2017-03-11T02:00:00+02:00,no2,50,µg/m³,40.531438,34.944305,"[{""name"":""National Air Quality Monitoring Network"",""url"":""http://index.havaizleme.gov.tr/Dynamic/0""}]"
Mimar Sinan,Çorum,TR,2017-03-11T00:00:00.000Z,2017-03-11T02:00:00+02:00,so2,14,µg/m³,40.531438,34.944305,"[{""name"":""National Air Quality Monitoring Network"",""url"":""http://index.havaizleme.gov.tr/Dynamic/0""}]"
Mimar Sinan,Çorum,TR,2017-03-11T00:00:00.000Z,2017-03-11T02:00:00+02:00,pm10,38,µg/m³,40.531438,34.944305,"[{""name"":""National Air Quality Monitoring Network"",""url"":""http://index.havaizleme.gov.tr/Dynamic/0""}]"
Bahabey,Çorum,TR,2017-03-11T00:00:00.000Z,2017-03-11T02:00:00+02:00,co,1559,µg/m³,40.546554,34.967299,"[{""name"":""National Air Quality Monitoring Network"",""url"":""http://index.havaizleme.gov.tr/Dynamic/0""}]"
Bahabey,Çorum,TR,2017-03-11T00:00:00.000Z,2017-03-11T02:00:00+02:00,o3,15,µg/m³,40.546554,34.967299,"[{""name"":""National Air Quality Monitoring Network"",""url"":""http://index.havaizleme.gov.tr/Dynamic/0""}]"
Bahabey,Çorum,TR,2017-03-11T00:00:00.000Z,2017-03-11T02:00:00+02:00,pm10,39,µg/m³,40.546554,34.967299,"[{""name"":""National Air Quality Monitoring Network"",""url"":""http://index.havaizleme.gov.tr/Dynamic/0""}]"
Bahabey,Çorum,TR,2017-03-11T00:00:00.000Z,2017-03-11T02:00:00+02:00,no2,82,µg/m³,40.546554,34.967299,"[{""name"":""National Air Quality Monitoring Network"",""url"":""http://index.havaizleme.gov.tr/Dynamic/0""}]"
Biga İçdaş,Çanakkale,TR,2017-03-11T00:00:00.000Z,2017-03-11T02:00:00+02:00,co,50,µg/m³,40.417294,27.107311,"[{""name"":""National Air Quality Monitoring Network"",""url"":""http://index.havaizleme.gov.tr/Dynamic/0""}]"
Biga İçdaş,Çanakkale,TR,2017-03-11T00:00:00.000Z,2017-03-11T02:00:00+02:00,o3,17,µg/m³,40.417294,27.107311,"[{""name"":""National Air Quality Monitoring Network"",""url"":""http://index.havaizleme.gov.tr/Dynamic/0""}]"
Biga İçdaş,Çanakkale,TR,2017-03-11T00:00:00.000Z,2017-03-11T02:00:00+02:00,no2,8,µg/m³,40.417294,27.107311,"[{""name"":""National Air Quality Monitoring Network"",""url"":""http://index.havaizleme.gov.tr/Dynamic/0""}]"
Biga İçdaş,Çanakkale,TR,2017-03-11T00:00:00.000Z,2017-03-11T02:00:00+02:00,so2,0,µg/m³,40.417294,27.107311,"[{""name"":""National Air Quality Monitoring Network"",""url"":""http://index.havaizleme.gov.tr/Dynamic/0""}]"
Biga İçdaş,Çanakkale,TR,2017-03-11T00:00:00.000Z,2017-03-11T02:00:00+02:00,pm10,57,µg/m³,40.417294,27.107311,"[{""name"":""National Air Quality Monitoring Network"",""url"":""http://index.havaizleme.gov.tr/Dynamic/0""}]"
Hopa,Artvin,TR,2017-03-11T00:00:00.000Z,2017-03-11T02:00:00+02:00,o3,110,µg/m³,41.466796,41.49073,"[{""name"":""National Air Quality Monitoring Network"",""url"":""http://index.havaizleme.gov.tr/Dynamic/0""}]"
Hopa,Artvin,TR,2017-03-11T00:00:00.000Z,2017-03-11T02:00:00+02:00,no2,18,µg/m³,41.466796,41.49073,"[{""name"":""National Air Quality Monitoring Network"",""url"":""http://index.havaizleme.gov.tr/Dynamic/0""}]"
Hopa,Artvin,TR,2017-03-11T00:00:00.000Z,2017-03-11T02:00:00+02:00,pm10,38,µg/m³,41.466796,41.49073,"[{""name"":""National Air Quality Monitoring Network"",""url"":""http://index.havaizleme.gov.tr/Dynamic/0""}]"
Cebeci,Ankara,TR,2017-03-11T00:00:00.000Z,2017-03-11T02:00:00+02:00,co,732,µg/m³,39.9369481,32.8781672,"[{""name"":""National Air Quality Monitoring Network"",""url"":""http://index.havaizleme.gov.tr/Dynamic/0""}]"
Cebeci,Ankara,TR,2017-03-11T00:00:00.000Z,2017-03-11T02:00:00+02:00,o3,24,µg/m³,39.9369481,32.8781672,"[{""name"":""National Air Quality Monitoring Network"",""url"":""http://index.havaizleme.gov.tr/Dynamic/0""}]"
Cebeci,Ankara,TR,2017-03-11T00:00:00.000Z,2017-03-11T02:00:00+02:00,no2,45,µg/m³,39.9369481,32.8781672,"[{""name"":""National Air Quality Monitoring Network"",""url"":""http://index.havaizleme.gov.tr/Dynamic/0""}]"
Cebeci,Ankara,TR,2017-03-11T00:00:00.000Z,2017-03-11T02:00:00+02:00,so2,1,µg/m³,39.9369481,32.8781672,"[{""name"":""National Air Quality Monitoring Network"",""url"":""http://index.havaizleme.gov.tr/Dynamic/0""}]"
Cebeci,Ankara,TR,2017-03-11T00:00:00.000Z,2017-03-11T02:00:00+02:00,pm10,26,µg/m³,39.9369481,32.8781672,"[{""name"":""National Air Quality Monitoring Network"",""url"":""http://index.havaizleme.gov.tr/Dynamic/0""}]"
Sincan,Ankara,TR,2017-03-11T00:00:00.000Z,2017-03-11T02:00:00+02:00,pm10,44,µg/m³,39.972032,32.5851672,"[{""name"":""National Air Quality Monitoring Network"",""url"":""http://index.havaizleme.gov.tr/Dynamic/0""}]"
Sincan,Ankara,TR,2017-03-11T00:00:00.000Z,2017-03-11T02:00:00+02:00,no2,95,µg/m³,39.972032,32.5851672,"[{""name"":""National Air Quality Monitoring Network"",""url"":""http://index.havaizleme.gov.tr/Dynamic/0""}]"
Sincan,Ankara,TR,2017-03-11T00:00:00.000Z,2017-03-11T02:00:00+02:00,o3,8,µg/m³,39.972032,32.5851672,"[{""name"":""National Air Quality Monitoring Network"",""url"":""http://index.havaizleme.gov.tr/Dynamic/0""}]"
Sincan,Ankara,TR,2017-03-11T00:00:00.000Z,2017-03-11T02:00:00+02:00,so2,4,µg/m³,39.972032,32.5851672,"[{""name"":""National Air Quality Monitoring Network"",""url"":""http://index.havaizleme.gov.tr/Dynamic/0""}]"
Sıhhıye,Ankara,TR,2017-03-11T00:00:00.000Z,2017-03-11T02:00:00+02:00,co,779,µg/m³,39.927274,32.8594112,"[{""name"":""National Air Quality Monitoring Network"",""url"":""http://index.havaizleme.gov.tr/Dynamic/0""}]"
Sıhhıye,Ankara,TR,2017-03-11T00:00:00.000Z,2017-03-11T02:00:00+02:00,no2,119,µg/m³,39.927274,32.8594112,"[{""name"":""National Air Quality Monitoring Network"",""url"":""http://index.havaizleme.gov.tr/Dynamic/0""}]"
Sıhhıye,Ankara,TR,2017-03-11T00:00:00.000Z,2017-03-11T02:00:00+02:00,so2,6,µg/m³,39.927274,32.8594112,"[{""name"":""National Air Quality Monitoring Network"",""url"":""http://index.havaizleme.gov.tr/Dynamic/0""}]"
Sıhhıye,Ankara,TR,2017-03-11T00:00:00.000Z,2017-03-11T02:00:00+02:00,pm10,44,µg/m³,39.927274,32.8594112,"[{""name"":""National Air Quality Monitoring Network"",""url"":""http://index.havaizleme.gov.tr/Dynamic/0""}]"
Keçiören,Ankara,TR,2017-03-11T00:00:00.000Z,2017-03-11T02:00:00+02:00,no2,33,µg/m³,39.9672619,32.8628299,"[{""name"":""National Air Quality Monitoring Network"",""url"":""http://index.havaizleme.gov.tr/Dynamic/0""}]"
Keçiören,Ankara,TR,2017-03-11T00:00:00.000Z,2017-03-11T02:00:00+02:00,o3,46,µg/m³,39.9672619,32.8628299,"[{""name"":""National Air Quality Monitoring Network"",""url"":""http://index.havaizleme.gov.tr/Dynamic/0""}]"
Keçiören,Ankara,TR,2017-03-11T00:00:00.000Z,2017-03-11T02:00:00+02:00,so2,3,µg/m³,39.9672619,32.8628299,"[{""name"":""National Air Quality Monitoring Network"",""url"":""http://index.havaizleme.gov.tr/Dynamic/0""}]"
Keçiören,Ankara,TR,2017-03-11T00:00:00.000Z,2017-03-11T02:00:00+02:00,pm10,41,µg/m³,39.9672619,32.8628299,"[{""name"":""National Air Quality Monitoring Network"",""url"":""http://index.havaizleme.gov.tr/Dynamic/0""}]"
Kayaş,Ankara,TR,2017-03-11T00:00:00.000Z,2017-03-11T02:00:00+02:00,no2,19,µg/m³,39.9253809,32.9267642,"[{""name"":""National Air Quality Monitoring Network"",""url"":""http://index.havaizleme.gov.tr/Dynamic/0""}]"
Kayaş,Ankara,TR,2017-03-11T00:00:00.000Z,2017-03-11T02:00:00+02:00,so2,7,µg/m³,39.9253809,32.9267642,"[{""name"":""National Air Quality Monitoring Network"",""url"":""http://index.havaizleme.gov.tr/Dynamic/0""}]"
Kayaş,Ankara,TR,2017-03-11T00:00:00.000Z,2017-03-11T02:00:00+02:00,pm10,22,µg/m³,39.9253809,32.9267642,"[{""name"":""National Air Quality Monitoring Network"",""url"":""http://index.havaizleme.gov.tr/Dynamic/0""}]"
Dikmen,Ankara,TR,2017-03-11T00:00:00.000Z,2017-03-11T02:00:00+02:00,no2,42,µg/m³,39.8964451,32.8407919,"[{""name"":""National Air Quality Monitoring Network"",""url"":""http://index.havaizleme.gov.tr/Dynamic/0""}]"
Dikmen,Ankara,TR,2017-03-11T00:00:00.000Z,2017-03-11T02:00:00+02:00,so2,1,µg/m³,39.8964451,32.8407919,"[{""name"":""National Air Quality Monitoring Network"",""url"":""http://index.havaizleme.gov.tr/Dynamic/0""}]"
Dikmen,Ankara,TR,2017-03-11T00:00:00.000Z,2017-03-11T02:00:00+02:00,pm10,34,µg/m³,39.8964451,32.8407919,"[{""name"":""National Air Quality Monitoring Network"",""url"":""http://index.havaizleme.gov.tr/Dynamic/0""}]"
Bahçelievler,Ankara,TR,2017-03-11T00:00:00.000Z,2017-03-11T02:00:00+02:00,co,884,µg/m³,39.91832282586664,32.82290472883604,"[{""name"":""National Air Quality Monitoring Network"",""url"":""http://index.havaizleme.gov.tr/Dynamic/0""}]"
Demetevler,Ankara,TR,2017-03-11T00:00:00.000Z,2017-03-11T02:00:00+02:00,no2,83,µg/m³,39.96773888667552,32.795669728836046,"[{""name"":""National Air Quality Monitoring Network"",""url"":""http://index.havaizleme.gov.tr/Dynamic/0""}]"
Demetevler,Ankara,TR,2017-03-11T00:00:00.000Z,2017-03-11T02:00:00+02:00,so2,5,µg/m³,39.96773888667552,32.795669728836046,"[{""name"":""National Air Quality Monitoring Network"",""url"":""http://index.havaizleme.gov.tr/Dynamic/0""}]"
Demetevler,Ankara,TR,2017-03-11T00:00:00.000Z,2017-03-11T02:00:00+02:00,pm10,32,µg/m³,39.96773888667552,32.795669728836046,"[{""name"":""National Air Quality Monitoring Network"",""url"":""http://index.havaizleme.gov.tr/Dynamic/0""}]"
Bahçelievler,Ankara,TR,2017-03-11T00:00:00.000Z,2017-03-11T02:00:00+02:00,no2,54,µg/m³,39.91832282586664,32.82290472883604,"[{""name"":""National Air Quality Monitoring Network"",""url"":""http://index.havaizleme.gov.tr/Dynamic/0""}]"
Bahçelievler,Ankara,TR,2017-03-11T00:00:00.000Z,2017-03-11T02:00:00+02:00,so2,1,µg/m³,39.91832282586664,32.82290472883604,"[{""name"":""National Air Quality Monitoring Network"",""url"":""http://index.havaizleme.gov.tr/Dynamic/0""}]"
Bahçelievler,Ankara,TR,2017-03-11T00:00:00.000Z,2017-03-11T02:00:00+02:00,pm10,27,µg/m³,39.91832282586664,32.82290472883604,"[{""name"":""National Air Quality Monitoring Network"",""url"":""http://index.havaizleme.gov.tr/Dynamic/0""}]"
Suluova,Amasya,TR,2017-03-11T00:00:00.000Z,2017-03-11T02:00:00+02:00,no2,26,µg/m³,40.492313,35.3854278,"[{""name"":""National Air Quality Monitoring Network"",""url"":""http://index.havaizleme.gov.tr/Dynamic/0""}]"
Suluova,Amasya,TR,2017-03-11T00:00:00.000Z,2017-03-11T02:00:00+02:00,so2,129,µg/m³,40.492313,35.3854278,"[{""name"":""National Air Quality Monitoring Network"",""url"":""http://index.havaizleme.gov.tr/Dynamic/0""}]"
Merzifon,Amasya,TR,2017-03-11T00:00:00.000Z,2017-03-11T02:00:00+02:00,no2,52,µg/m³,40.8743333,35.4574722,"[{""name"":""National Air Quality Monitoring Network"",""url"":""http://index.havaizleme.gov.tr/Dynamic/0""}]"
Merzifon,Amasya,TR,2017-03-11T00:00:00.000Z,2017-03-11T02:00:00+02:00,so2,10,µg/m³,40.8743333,35.4574722,"[{""name"":""National Air Quality Monitoring Network"",""url"":""http://index.havaizleme.gov.tr/Dynamic/0""}]"
Merzifon,Amasya,TR,2017-03-11T00:00:00.000Z,2017-03-11T02:00:00+02:00,pm10,45,µg/m³,40.8743333,35.4574722,"[{""name"":""National Air Quality Monitoring Network"",""url"":""http://index.havaizleme.gov.tr/Dynamic/0""}]"
Şehzade,Amasya,TR,2017-03-11T00:00:00.000Z,2017-03-11T02:00:00+02:00,co,735,µg/m³,40.657223,35.83796,"[{""name"":""National Air Quality Monitoring Network"",""url"":""http://index.havaizleme.gov.tr/Dynamic/0""}]"
Şehzade,Amasya,TR,2017-03-11T00:00:00.000Z,2017-03-11T02:00:00+02:00,o3,27,µg/m³,40.657223,35.83796,"[{""name"":""National Air Quality Monitoring Network"",""url"":""http://index.havaizleme.gov.tr/Dynamic/0""}]"
Şehzade,Amasya,TR,2017-03-11T00:00:00.000Z,2017-03-11T02:00:00+02:00,pm10,107,µg/m³,40.657223,35.83796,"[{""name"":""National Air Quality Monitoring Network"",""url"":""http://index.havaizleme.gov.tr/Dynamic/0""}]"
Şehzade,Amasya,TR,2017-03-11T00:00:00.000Z,2017-03-11T02:00:00+02:00,no2,45,µg/m³,40.657223,35.83796,"[{""name"":""National Air Quality Monitoring Network"",""url"":""http://index.havaizleme.gov.tr/Dynamic/0""}]"
Patnos,Ağrı,TR,2017-03-11T00:00:00.000Z,2017-03-11T02:00:00+02:00,co,1529,µg/m³,39.236576,42.853008,"[{""name"":""National Air Quality Monitoring Network"",""url"":""http://index.havaizleme.gov.tr/Dynamic/0""}]"
Patnos,Ağrı,TR,2017-03-11T00:00:00.000Z,2017-03-11T02:00:00+02:00,o3,119,µg/m³,39.236576,42.853008,"[{""name"":""National Air Quality Monitoring Network"",""url"":""http://index.havaizleme.gov.tr/Dynamic/0""}]"
Patnos,Ağrı,TR,2017-03-11T00:00:00.000Z,2017-03-11T02:00:00+02:00,no2,14,µg/m³,39.236576,42.853008,"[{""name"":""National Air Quality Monitoring Network"",""url"":""http://index.havaizleme.gov.tr/Dynamic/0""}]"
Patnos,Ağrı,TR,2017-03-11T00:00:00.000Z,2017-03-11T02:00:00+02:00,so2,24,µg/m³,39.236576,42.853008,"[{""name"":""National Air Quality Monitoring Network"",""url"":""http://index.havaizleme.gov.tr/Dynamic/0""}]"
Patnos,Ağrı,TR,2017-03-11T00:00:00.000Z,2017-03-11T02:00:00+02:00,pm10,10,µg/m³,39.236576,42.853008,"[{""name"":""National Air Quality Monitoring Network"",""url"":""http://index.havaizleme.gov.tr/Dynamic/0""}]"
Doğubeyazıt,Ağrı,TR,2017-03-11T00:00:00.000Z,2017-03-11T02:00:00+02:00,co,1085,µg/m³,39.5476,44.083595,"[{""name"":""National Air Quality Monitoring Network"",""url"":""http://index.havaizleme.gov.tr/Dynamic/0""}]"
Doğubeyazıt,Ağrı,TR,2017-03-11T00:00:00.000Z,2017-03-11T02:00:00+02:00,no2,30,µg/m³,39.5476,44.083595,"[{""name"":""National Air Quality Monitoring Network"",""url"":""http://index.havaizleme.gov.tr/Dynamic/0""}]"
Doğubeyazıt,Ağrı,TR,2017-03-11T00:00:00.000Z,2017-03-11T02:00:00+02:00,o3,33,µg/m³,39.5476,44.083595,"[{""name"":""National Air Quality Monitoring Network"",""url"":""http://index.havaizleme.gov.tr/Dynamic/0""}]"
Doğubeyazıt,Ağrı,TR,2017-03-11T00:00:00.000Z,2017-03-11T02:00:00+02:00,so2,11,µg/m³,39.5476,44.083595,"[{""name"":""National Air Quality Monitoring Network"",""url"":""http://index.havaizleme.gov.tr/Dynamic/0""}]"
Doğubeyazıt,Ağrı,TR,2017-03-11T00:00:00.000Z,2017-03-11T02:00:00+02:00,pm10,103,µg/m³,39.5476,44.083595,"[{""name"":""National Air Quality Monitoring Network"",""url"":""http://index.havaizleme.gov.tr/Dynamic/0""}]"
Valilik,Adana,TR,2017-03-11T00:00:00.000Z,2017-03-11T02:00:00+02:00,no2,19,µg/m³,36.999171,35.3124388,"[{""name"":""National Air Quality Monitoring Network"",""url"":""http://index.havaizleme.gov.tr/Dynamic/0""}]"
Valilik,Adana,TR,2017-03-11T00:00:00.000Z,2017-03-11T02:00:00+02:00,o3,0,µg/m³,36.999171,35.3124388,"[{""name"":""National Air Quality Monitoring Network"",""url"":""http://index.havaizleme.gov.tr/Dynamic/0""}]"
Valilik,Adana,TR,2017-03-11T00:00:00.000Z,2017-03-11T02:00:00+02:00,so2,2,µg/m³,36.999171,35.3124388,"[{""name"":""National Air Quality Monitoring Network"",""url"":""http://index.havaizleme.gov.tr/Dynamic/0""}]"
Valilik,Adana,TR,2017-03-11T00:00:00.000Z,2017-03-11T02:00:00+02:00,pm10,204,µg/m³,36.999171,35.3124388,"[{""name"":""National Air Quality Monitoring Network"",""url"":""http://index.havaizleme.gov.tr/Dynamic/0""}]"
Meteoroloji,Adana,TR,2017-03-11T00:00:00.000Z,2017-03-11T02:00:00+02:00,o3,31,µg/m³,37.0041189,35.3440452,"[{""name"":""National Air Quality Monitoring Network"",""url"":""http://index.havaizleme.gov.tr/Dynamic/0""}]"
Meteoroloji,Adana,TR,2017-03-11T00:00:00.000Z,2017-03-11T02:00:00+02:00,no2,4,µg/m³,37.0041189,35.3440452,"[{""name"":""National Air Quality Monitoring Network"",""url"":""http://index.havaizleme.gov.tr/Dynamic/0""}]"
Meteoroloji,Adana,TR,2017-03-11T00:00:00.000Z,2017-03-11T02:00:00+02:00,pm10,217,µg/m³,37.0041189,35.3440452,"[{""name"":""National Air Quality Monitoring Network"",""url"":""http://index.havaizleme.gov.tr/Dynamic/0""}]"
Doğankent,Adana,TR,2017-03-11T00:00:00.000Z,2017-03-11T02:00:00+02:00,no2,20,µg/m³,36.854533,35.349142,"[{""name"":""National Air Quality Monitoring Network"",""url"":""http://index.havaizleme.gov.tr/Dynamic/0""}]"
Doğankent,Adana,TR,2017-03-11T00:00:00.000Z,2017-03-11T02:00:00+02:00,o3,53,µg/m³,36.854533,35.349142,"[{""name"":""National Air Quality Monitoring Network"",""url"":""http://index.havaizleme.gov.tr/Dynamic/0""}]"
Çatalan,Adana,TR,2017-03-11T00:00:00.000Z,2017-03-11T02:00:00+02:00,so2,2,µg/m³,37.1864029,35.2619539,"[{""name"":""National Air Quality Monitoring Network"",""url"":""http://index.havaizleme.gov.tr/Dynamic/0""}]"
Meteoroloji,Adana,TR,2017-03-11T00:00:00.000Z,2017-03-11T02:00:00+02:00,so2,5,µg/m³,37.0041189,35.3440452,"[{""name"":""National Air Quality Monitoring Network"",""url"":""http://index.havaizleme.gov.tr/Dynamic/0""}]"
Çatalan,Adana,TR,2017-03-11T00:00:00.000Z,2017-03-11T02:00:00+02:00,pm10,181,µg/m³,37.1864029,35.2619539,"[{""name"":""National Air Quality Monitoring Network"",""url"":""http://index.havaizleme.gov.tr/Dynamic/0""}]"
Çatalan,Adana,TR,2017-03-11T00:00:00.000Z,2017-03-11T02:00:00+02:00,no2,4,µg/m³,37.1864029,35.2619539,"[{""name"":""National Air Quality Monitoring Network"",""url"":""http://index.havaizleme.gov.tr/Dynamic/0""}]"
Çatalan,Adana,TR,2017-03-11T00:00:00.000Z,2017-03-11T02:00:00+02:00,o3,61,µg/m³,37.1864029,35.2619539,"[{""name"":""National Air Quality Monitoring Network"",""url"":""http://index.havaizleme.gov.tr/Dynamic/0""}]"
Doğankent,Adana,TR,2017-03-11T00:00:00.000Z,2017-03-11T02:00:00+02:00,so2,7,µg/m³,36.854533,35.349142,"[{""name"":""National Air Quality Monitoring Network"",""url"":""http://index.havaizleme.gov.tr/Dynamic/0""}]"
Doğankent,Adana,TR,2017-03-11T00:00:00.000Z,2017-03-11T02:00:00+02:00,pm10,45,µg/m³,36.854533,35.349142,"[{""name"":""National Air Quality Monitoring Network"",""url"":""http://index.havaizleme.gov.tr/Dynamic/0""}]"
Armutlu-MTHM,Yalova,TR,2017-03-11T00:00:00.000Z,2017-03-11T02:00:00+02:00,no2,12,µg/m³,40.52935,28.78459,"[{""name"":""National Air Quality Monitoring Network"",""url"":""http://index.havaizleme.gov.tr/Dynamic/0""}]"
Armutlu-MTHM,Yalova,TR,2017-03-11T00:00:00.000Z,2017-03-11T02:00:00+02:00,so2,6,µg/m³,40.52935,28.78459,"[{""name"":""National Air Quality Monitoring Network"",""url"":""http://index.havaizleme.gov.tr/Dynamic/0""}]"
Armutlu-MTHM,Yalova,TR,2017-03-11T00:00:00.000Z,2017-03-11T02:00:00+02:00,o3,69,µg/m³,40.52935,28.78459,"[{""name"":""National Air Quality Monitoring Network"",""url"":""http://index.havaizleme.gov.tr/Dynamic/0""}]"
Armutlu-MTHM,Yalova,TR,2017-03-11T00:00:00.000Z,2017-03-11T02:00:00+02:00,pm10,48,µg/m³,40.52935,28.78459,"[{""name"":""National Air Quality Monitoring Network"",""url"":""http://index.havaizleme.gov.tr/Dynamic/0""}]"
Altınova-MTHM,Yalova,TR,2017-03-11T00:00:00.000Z,2017-03-11T02:00:00+02:00,o3,77,µg/m³,40.70058,29.50785,"[{""name"":""National Air Quality Monitoring Network"",""url"":""http://index.havaizleme.gov.tr/Dynamic/0""}]"
Altınova-MTHM,Yalova,TR,2017-03-11T00:00:00.000Z,2017-03-11T02:00:00+02:00,so2,18,µg/m³,40.70058,29.50785,"[{""name"":""National Air Quality Monitoring Network"",""url"":""http://index.havaizleme.gov.tr/Dynamic/0""}]"
Altınova-MTHM,Yalova,TR,2017-03-11T00:00:00.000Z,2017-03-11T02:00:00+02:00,no2,11,µg/m³,40.70058,29.50785,"[{""name"":""National Air Quality Monitoring Network"",""url"":""http://index.havaizleme.gov.tr/Dynamic/0""}]"
Çerkezköy-MTHM,Tekirdağ,TR,2017-03-11T00:00:00.000Z,2017-03-11T02:00:00+02:00,no2,7,µg/m³,41.31835,27.98018,"[{""name"":""National Air Quality Monitoring Network"",""url"":""http://index.havaizleme.gov.tr/Dynamic/0""}]"
Çerkezköy-MTHM,Tekirdağ,TR,2017-03-11T00:00:00.000Z,2017-03-11T02:00:00+02:00,so2,9,µg/m³,41.31835,27.98018,"[{""name"":""National Air Quality Monitoring Network"",""url"":""http://index.havaizleme.gov.tr/Dynamic/0""}]"
Çerkezköy-MTHM,Tekirdağ,TR,2017-03-11T00:00:00.000Z,2017-03-11T02:00:00+02:00,co,570,µg/m³,41.31835,27.98018,"[{""name"":""National Air Quality Monitoring Network"",""url"":""http://index.havaizleme.gov.tr/Dynamic/0""}]"
Çerkezköy-MTHM,Tekirdağ,TR,2017-03-11T00:00:00.000Z,2017-03-11T02:00:00+02:00,pm10,51,µg/m³,41.31835,27.98018,"[{""name"":""National Air Quality Monitoring Network"",""url"":""http://index.havaizleme.gov.tr/Dynamic/0""}]"
Merkez-MTHM,Tekirdağ,TR,2017-03-11T00:00:00.000Z,2017-03-11T02:00:00+02:00,co,1411,µg/m³,40.97727,27.50324,"[{""name"":""National Air Quality Monitoring Network"",""url"":""http://index.havaizleme.gov.tr/Dynamic/0""}]"
Merkez-MTHM,Tekirdağ,TR,2017-03-11T00:00:00.000Z,2017-03-11T02:00:00+02:00,no2,20,µg/m³,40.97727,27.50324,"[{""name"":""National Air Quality Monitoring Network"",""url"":""http://index.havaizleme.gov.tr/Dynamic/0""}]"
Merkez-MTHM,Tekirdağ,TR,2017-03-11T00:00:00.000Z,2017-03-11T02:00:00+02:00,so2,5,µg/m³,40.97727,27.50324,"[{""name"":""National Air Quality Monitoring Network"",""url"":""http://index.havaizleme.gov.tr/Dynamic/0""}]"
Merkez-MTHM,Tekirdağ,TR,2017-03-11T00:00:00.000Z,2017-03-11T02:00:00+02:00,pm10,89,µg/m³,40.97727,27.50324,"[{""name"":""National Air Quality Monitoring Network"",""url"":""http://index.havaizleme.gov.tr/Dynamic/0""}]"
Ozanlar-MTHM,Sakarya,TR,2017-03-11T00:00:00.000Z,2017-03-11T02:00:00+02:00,o3,75,µg/m³,40.79072,30.39692,"[{""name"":""National Air Quality Monitoring Network"",""url"":""http://index.havaizleme.gov.tr/Dynamic/0""}]"
Ozanlar-MTHM,Sakarya,TR,2017-03-11T00:00:00.000Z,2017-03-11T02:00:00+02:00,no2,8,µg/m³,40.79072,30.39692,"[{""name"":""National Air Quality Monitoring Network"",""url"":""http://index.havaizleme.gov.tr/Dynamic/0""}]"
Ozanlar-MTHM,Sakarya,TR,2017-03-11T00:00:00.000Z,2017-03-11T02:00:00+02:00,so2,17,µg/m³,40.79072,30.39692,"[{""name"":""National Air Quality Monitoring Network"",""url"":""http://index.havaizleme.gov.tr/Dynamic/0""}]"
Merkez-MTHM,Sakarya,TR,2017-03-11T00:00:00.000Z,2017-03-11T02:00:00+02:00,co,2178,µg/m³,40.7693,30.4099,"[{""name"":""National Air Quality Monitoring Network"",""url"":""http://index.havaizleme.gov.tr/Dynamic/0""}]"
Merkez-MTHM,Sakarya,TR,2017-03-11T00:00:00.000Z,2017-03-11T02:00:00+02:00,no2,12,µg/m³,40.7693,30.4099,"[{""name"":""National Air Quality Monitoring Network"",""url"":""http://index.havaizleme.gov.tr/Dynamic/0""}]"
Merkez-MTHM,Sakarya,TR,2017-03-11T00:00:00.000Z,2017-03-11T02:00:00+02:00,pm10,63,µg/m³,40.7693,30.4099,"[{""name"":""National Air Quality Monitoring Network"",""url"":""http://index.havaizleme.gov.tr/Dynamic/0""}]"
Yeniköy-MTHM,Kocaeli,TR,2017-03-11T00:00:00.000Z,2017-03-11T02:00:00+02:00,o3,59,µg/m³,40.70417,29.88448,"[{""name"":""National Air Quality Monitoring Network"",""url"":""http://index.havaizleme.gov.tr/Dynamic/0""}]"
Yeniköy-MTHM,Kocaeli,TR,2017-03-11T00:00:00.000Z,2017-03-11T02:00:00+02:00,no2,23,µg/m³,40.70417,29.88448,"[{""name"":""National Air Quality Monitoring Network"",""url"":""http://index.havaizleme.gov.tr/Dynamic/0""}]"
Yeniköy-MTHM,Kocaeli,TR,2017-03-11T00:00:00.000Z,2017-03-11T02:00:00+02:00,so2,28,µg/m³,40.70417,29.88448,"[{""name"":""National Air Quality Monitoring Network"",""url"":""http://index.havaizleme.gov.tr/Dynamic/0""}]"
Yeniköy-MTHM,Kocaeli,TR,2017-03-11T00:00:00.000Z,2017-03-11T02:00:00+02:00,pm10,45,µg/m³,40.70417,29.88448,"[{""name"":""National Air Quality Monitoring Network"",""url"":""http://index.havaizleme.gov.tr/Dynamic/0""}]"
Körfez-MTHM,Kocaeli,TR,2017-03-11T00:00:00.000Z,2017-03-11T02:00:00+02:00,no2,17,µg/m³,40.74604,29.7888,"[{""name"":""National Air Quality Monitoring Network"",""url"":""http://index.havaizleme.gov.tr/Dynamic/0""}]"
Körfez-MTHM,Kocaeli,TR,2017-03-11T00:00:00.000Z,2017-03-11T02:00:00+02:00,so2,8,µg/m³,40.74604,29.7888,"[{""name"":""National Air Quality Monitoring Network"",""url"":""http://index.havaizleme.gov.tr/Dynamic/0""}]"
Körfez-MTHM,Kocaeli,TR,2017-03-11T00:00:00.000Z,2017-03-11T02:00:00+02:00,pm10,52,µg/m³,40.74604,29.7888,"[{""name"":""National Air Quality Monitoring Network"",""url"":""http://index.havaizleme.gov.tr/Dynamic/0""}]"
Kandıra-MTHM,Kocaeli,TR,2017-03-11T00:00:00.000Z,2017-03-11T02:00:00+02:00,o3,85,µg/m³,41.13075,30.00658,"[{""name"":""National Air Quality Monitoring Network"",""url"":""http://index.havaizleme.gov.tr/Dynamic/0""}]"
Kandıra-MTHM,Kocaeli,TR,2017-03-11T00:00:00.000Z,2017-03-11T02:00:00+02:00,no2,2,µg/m³,41.13075,30.00658,"[{""name"":""National Air Quality Monitoring Network"",""url"":""http://index.havaizleme.gov.tr/Dynamic/0""}]"
Kandıra-MTHM,Kocaeli,TR,2017-03-11T00:00:00.000Z,2017-03-11T02:00:00+02:00,pm10,33,µg/m³,41.13075,30.00658,"[{""name"":""National Air Quality Monitoring Network"",""url"":""http://index.havaizleme.gov.tr/Dynamic/0""}]"
Gölcük-MTHM,Kocaeli,TR,2017-03-11T00:00:00.000Z,2017-03-11T02:00:00+02:00,o3,48,µg/m³,40.72597,29.79463,"[{""name"":""National Air Quality Monitoring Network"",""url"":""http://index.havaizleme.gov.tr/Dynamic/0""}]"
Gölcük-MTHM,Kocaeli,TR,2017-03-11T00:00:00.000Z,2017-03-11T02:00:00+02:00,so2,16,µg/m³,40.72597,29.79463,"[{""name"":""National Air Quality Monitoring Network"",""url"":""http://index.havaizleme.gov.tr/Dynamic/0""}]"
Gölcük-MTHM,Kocaeli,TR,2017-03-11T00:00:00.000Z,2017-03-11T02:00:00+02:00,no2,35,µg/m³,40.72597,29.79463,"[{""name"":""National Air Quality Monitoring Network"",""url"":""http://index.havaizleme.gov.tr/Dynamic/0""}]"
İzmit-MTHM,Kocaeli,TR,2017-03-11T00:00:00.000Z,2017-03-11T02:00:00+02:00,co,859,µg/m³,40.76811,29.93812,"[{""name"":""National Air Quality Monitoring Network"",""url"":""http://index.havaizleme.gov.tr/Dynamic/0""}]"
İzmit-MTHM,Kocaeli,TR,2017-03-11T00:00:00.000Z,2017-03-11T02:00:00+02:00,no2,26,µg/m³,40.76811,29.93812,"[{""name"":""National Air Quality Monitoring Network"",""url"":""http://index.havaizleme.gov.tr/Dynamic/0""}]"
İzmit-MTHM,Kocaeli,TR,2017-03-11T00:00:00.000Z,2017-03-11T02:00:00+02:00,pm10,50,µg/m³,40.76811,29.93812,"[{""name"":""National Air Quality Monitoring Network"",""url"":""http://index.havaizleme.gov.tr/Dynamic/0""}]"
Alikahya-MTHM,Kocaeli,TR,2017-03-11T00:00:00.000Z,2017-03-11T02:00:00+02:00,no2,-2,µg/m³,40.77101,30.0077,"[{""name"":""National Air Quality Monitoring Network"",""url"":""http://index.havaizleme.gov.tr/Dynamic/0""}]"
Alikahya-MTHM,Kocaeli,TR,2017-03-11T00:00:00.000Z,2017-03-11T02:00:00+02:00,so2,18,µg/m³,40.77101,30.0077,"[{""name"":""National Air Quality Monitoring Network"",""url"":""http://index.havaizleme.gov.tr/Dynamic/0""}]"
Alikahya-MTHM,Kocaeli,TR,2017-03-11T00:00:00.000Z,2017-03-11T02:00:00+02:00,pm10,45,µg/m³,40.77101,30.0077,"[{""name"":""National Air Quality Monitoring Network"",""url"":""http://index.havaizleme.gov.tr/Dynamic/0""}]"
Lüleburgaz-MTHM,Kırklareli,TR,2017-03-11T00:00:00.000Z,2017-03-11T02:00:00+02:00,no2,13,µg/m³,41.39841,27.34588,"[{""name"":""National Air Quality Monitoring Network"",""url"":""http://index.havaizleme.gov.tr/Dynamic/0""}]"
Lüleburgaz-MTHM,Kırklareli,TR,2017-03-11T00:00:00.000Z,2017-03-11T02:00:00+02:00,so2,15,µg/m³,41.39841,27.34588,"[{""name"":""National Air Quality Monitoring Network"",""url"":""http://index.havaizleme.gov.tr/Dynamic/0""}]"
Lüleburgaz-MTHM,Kırklareli,TR,2017-03-11T00:00:00.000Z,2017-03-11T02:00:00+02:00,pm10,65,µg/m³,41.39841,27.34588,"[{""name"":""National Air Quality Monitoring Network"",""url"":""http://index.havaizleme.gov.tr/Dynamic/0""}]"
Limanköy-MTHM,Kırklareli,TR,2017-03-11T00:00:00.000Z,2017-03-11T02:00:00+02:00,pm10,49,µg/m³,41.88515,28.05599,"[{""name"":""National Air Quality Monitoring Network"",""url"":""http://index.havaizleme.gov.tr/Dynamic/0""}]"
Limanköy-MTHM,Kırklareli,TR,2017-03-11T00:00:00.000Z,2017-03-11T02:00:00+02:00,so2,17,µg/m³,41.88515,28.05599,"[{""name"":""National Air Quality Monitoring Network"",""url"":""http://index.havaizleme.gov.tr/Dynamic/0""}]"
Limanköy-MTHM,Kırklareli,TR,2017-03-11T00:00:00.000Z,2017-03-11T02:00:00+02:00,no2,2,µg/m³,41.88515,28.05599,"[{""name"":""National Air Quality Monitoring Network"",""url"":""http://index.havaizleme.gov.tr/Dynamic/0""}]"
Limanköy-MTHM,Kırklareli,TR,2017-03-11T00:00:00.000Z,2017-03-11T02:00:00+02:00,o3,72,µg/m³,41.88515,28.05599,"[{""name"":""National Air Quality Monitoring Network"",""url"":""http://index.havaizleme.gov.tr/Dynamic/0""}]"
Üsküdar-MTHM,İstanbul,TR,2017-03-11T00:00:00.000Z,2017-03-11T02:00:00+02:00,co,1887,µg/m³,41.02705,29.02489,"[{""name"":""National Air Quality Monitoring Network"",""url"":""http://index.havaizleme.gov.tr/Dynamic/0""}]"
Üsküdar-MTHM,İstanbul,TR,2017-03-11T00:00:00.000Z,2017-03-11T02:00:00+02:00,pm10,38,µg/m³,41.02705,29.02489,"[{""name"":""National Air Quality Monitoring Network"",""url"":""http://index.havaizleme.gov.tr/Dynamic/0""}]"
Üsküdar-MTHM,İstanbul,TR,2017-03-11T00:00:00.000Z,2017-03-11T02:00:00+02:00,no2,36,µg/m³,41.02705,29.02489,"[{""name"":""National Air Quality Monitoring Network"",""url"":""http://index.havaizleme.gov.tr/Dynamic/0""}]"
Ümraniye-MTHM,İstanbul,TR,2017-03-11T00:00:00.000Z,2017-03-11T02:00:00+02:00,so2,13,µg/m³,41.02442,29.09973,"[{""name"":""National Air Quality Monitoring Network"",""url"":""http://index.havaizleme.gov.tr/Dynamic/0""}]"
Ümraniye-MTHM,İstanbul,TR,2017-03-11T00:00:00.000Z,2017-03-11T02:00:00+02:00,no2,85,µg/m³,41.02442,29.09973,"[{""name"":""National Air Quality Monitoring Network"",""url"":""http://index.havaizleme.gov.tr/Dynamic/0""}]"
Ümraniye-MTHM,İstanbul,TR,2017-03-11T00:00:00.000Z,2017-03-11T02:00:00+02:00,co,472,µg/m³,41.02442,29.09973,"[{""name"":""National Air Quality Monitoring Network"",""url"":""http://index.havaizleme.gov.tr/Dynamic/0""}]"
Ümraniye-MTHM,İstanbul,TR,2017-03-11T00:00:00.000Z,2017-03-11T02:00:00+02:00,pm10,23,µg/m³,41.02442,29.09973,"[{""name"":""National Air Quality Monitoring Network"",""url"":""http://index.havaizleme.gov.tr/Dynamic/0""}]"
Şirinevler-MTHM,İstanbul,TR,2017-03-11T00:00:00.000Z,2017-03-11T02:00:00+02:00,co,1435,µg/m³,41.00245,28.83866,"[{""name"":""National Air Quality Monitoring Network"",""url"":""http://index.havaizleme.gov.tr/Dynamic/0""}]"
Şirinevler-MTHM,İstanbul,TR,2017-03-11T00:00:00.000Z,2017-03-11T02:00:00+02:00,no2,45,µg/m³,41.00245,28.83866,"[{""name"":""National Air Quality Monitoring Network"",""url"":""http://index.havaizleme.gov.tr/Dynamic/0""}]"
Şirinevler-MTHM,İstanbul,TR,2017-03-11T00:00:00.000Z,2017-03-11T02:00:00+02:00,pm10,53,µg/m³,41.00245,28.83866,"[{""name"":""National Air Quality Monitoring Network"",""url"":""http://index.havaizleme.gov.tr/Dynamic/0""}]"
Şirinevler-MTHM,İstanbul,TR,2017-03-11T00:00:00.000Z,2017-03-11T02:00:00+02:00,so2,-5,µg/m³,41.00245,28.83866,"[{""name"":""National Air Quality Monitoring Network"",""url"":""http://index.havaizleme.gov.tr/Dynamic/0""}]"
Şile-MTHM,İstanbul,TR,2017-03-11T00:00:00.000Z,2017-03-11T02:00:00+02:00,no2,3,µg/m³,41.17046,29.56336,"[{""name"":""National Air Quality Monitoring Network"",""url"":""http://index.havaizleme.gov.tr/Dynamic/0""}]"
Şile-MTHM,İstanbul,TR,2017-03-11T00:00:00.000Z,2017-03-11T02:00:00+02:00,pm10,31,µg/m³,41.17046,29.56336,"[{""name"":""National Air Quality Monitoring Network"",""url"":""http://index.havaizleme.gov.tr/Dynamic/0""}]"
Şile-MTHM,İstanbul,TR,2017-03-11T00:00:00.000Z,2017-03-11T02:00:00+02:00,o3,78,µg/m³,41.17046,29.56336,"[{""name"":""National Air Quality Monitoring Network"",""url"":""http://index.havaizleme.gov.tr/Dynamic/0""}]"
Sultangazi-MTHM,İstanbul,TR,2017-03-11T00:00:00.000Z,2017-03-11T02:00:00+02:00,o3,71,µg/m³,41.10197,28.87202,"[{""name"":""National Air Quality Monitoring Network"",""url"":""http://index.havaizleme.gov.tr/Dynamic/0""}]"
Sultangazi-MTHM,İstanbul,TR,2017-03-11T00:00:00.000Z,2017-03-11T02:00:00+02:00,no2,16,µg/m³,41.10197,28.87202,"[{""name"":""National Air Quality Monitoring Network"",""url"":""http://index.havaizleme.gov.tr/Dynamic/0""}]"
Sultanbeyli-MTHM,İstanbul,TR,2017-03-11T00:00:00.000Z,2017-03-11T02:00:00+02:00,so2,8,µg/m³,40.98447,29.26881,"[{""name"":""National Air Quality Monitoring Network"",""url"":""http://index.havaizleme.gov.tr/Dynamic/0""}]"
Sultanbeyli-MTHM,İstanbul,TR,2017-03-11T00:00:00.000Z,2017-03-11T02:00:00+02:00,no2,3,µg/m³,40.98447,29.26881,"[{""name"":""National Air Quality Monitoring Network"",""url"":""http://index.havaizleme.gov.tr/Dynamic/0""}]"
Sultanbeyli-MTHM,İstanbul,TR,2017-03-11T00:00:00.000Z,2017-03-11T02:00:00+02:00,o3,80,µg/m³,40.98447,29.26881,"[{""name"":""National Air Quality Monitoring Network"",""url"":""http://index.havaizleme.gov.tr/Dynamic/0""}]"
Silivri-MTHM,İstanbul,TR,2017-03-11T00:00:00.000Z,2017-03-11T02:00:00+02:00,o3,75,µg/m³,41.07318,28.25554,"[{""name"":""National Air Quality Monitoring Network"",""url"":""http://index.havaizleme.gov.tr/Dynamic/0""}]"
Silivri-MTHM,İstanbul,TR,2017-03-11T00:00:00.000Z,2017-03-11T02:00:00+02:00,no2,11,µg/m³,41.07318,28.25554,"[{""name"":""National Air Quality Monitoring Network"",""url"":""http://index.havaizleme.gov.tr/Dynamic/0""}]"
Silivri-MTHM,İstanbul,TR,2017-03-11T00:00:00.000Z,2017-03-11T02:00:00+02:00,pm10,50,µg/m³,41.07318,28.25554,"[{""name"":""National Air Quality Monitoring Network"",""url"":""http://index.havaizleme.gov.tr/Dynamic/0""}]"
Mecidiyeköy-MTHM,İstanbul,TR,2017-03-11T00:00:00.000Z,2017-03-11T02:00:00+02:00,co,457.01,µg/m³,41.06596,28.99446,"[{""name"":""National Air Quality Monitoring Network"",""url"":""http://index.havaizleme.gov.tr/Dynamic/0""}]"
Mecidiyeköy-MTHM,İstanbul,TR,2017-03-11T00:00:00.000Z,2017-03-11T02:00:00+02:00,no2,60,µg/m³,41.06596,28.99446,"[{""name"":""National Air Quality Monitoring Network"",""url"":""http://index.havaizleme.gov.tr/Dynamic/0""}]"
Mecidiyeköy-MTHM,İstanbul,TR,2017-03-11T00:00:00.000Z,2017-03-11T02:00:00+02:00,pm10,41,µg/m³,41.06596,28.99446,"[{""name"":""National Air Quality Monitoring Network"",""url"":""http://index.havaizleme.gov.tr/Dynamic/0""}]"
Kandilli-MTHM,İstanbul,TR,2017-03-11T00:00:00.000Z,2017-03-11T02:00:00+02:00,co,2277,µg/m³,41.0746,29.05899,"[{""name"":""National Air Quality Monitoring Network"",""url"":""http://index.havaizleme.gov.tr/Dynamic/0""}]"
Kandilli-MTHM,İstanbul,TR,2017-03-11T00:00:00.000Z,2017-03-11T02:00:00+02:00,so2,2,µg/m³,41.0746,29.05899,"[{""name"":""National Air Quality Monitoring Network"",""url"":""http://index.havaizleme.gov.tr/Dynamic/0""}]"
Kandilli-MTHM,İstanbul,TR,2017-03-11T00:00:00.000Z,2017-03-11T02:00:00+02:00,no2,13,µg/m³,41.0746,29.05899,"[{""name"":""National Air Quality Monitoring Network"",""url"":""http://index.havaizleme.gov.tr/Dynamic/0""}]"
Kandilli-MTHM,İstanbul,TR,2017-03-11T00:00:00.000Z,2017-03-11T02:00:00+02:00,pm10,42,µg/m³,41.0746,29.05899,"[{""name"":""National Air Quality Monitoring Network"",""url"":""http://index.havaizleme.gov.tr/Dynamic/0""}]"
Kağıthane-MTHM,İstanbul,TR,2017-03-11T00:00:00.000Z,2017-03-11T02:00:00+02:00,o3,67,µg/m³,41.09233,28.97478,"[{""name"":""National Air Quality Monitoring Network"",""url"":""http://index.havaizleme.gov.tr/Dynamic/0""}]"
Kağıthane-MTHM,İstanbul,TR,2017-03-11T00:00:00.000Z,2017-03-11T02:00:00+02:00,so2,23,µg/m³,41.09233,28.97478,"[{""name"":""National Air Quality Monitoring Network"",""url"":""http://index.havaizleme.gov.tr/Dynamic/0""}]"
Kağıthane-MTHM,İstanbul,TR,2017-03-11T00:00:00.000Z,2017-03-11T02:00:00+02:00,no2,68,µg/m³,41.09233,28.97478,"[{""name"":""National Air Quality Monitoring Network"",""url"":""http://index.havaizleme.gov.tr/Dynamic/0""}]"
Esenyurt-MTHM,İstanbul,TR,2017-03-11T00:00:00.000Z,2017-03-11T02:00:00+02:00,o3,62,µg/m³,41.02028,28.66955,"[{""name"":""National Air Quality Monitoring Network"",""url"":""http://index.havaizleme.gov.tr/Dynamic/0""}]"
Esenyurt-MTHM,İstanbul,TR,2017-03-11T00:00:00.000Z,2017-03-11T02:00:00+02:00,no2,-5,µg/m³,41.02028,28.66955,"[{""name"":""National Air Quality Monitoring Network"",""url"":""http://index.havaizleme.gov.tr/Dynamic/0""}]"
Esenyurt-MTHM,İstanbul,TR,2017-03-11T00:00:00.000Z,2017-03-11T02:00:00+02:00,so2,25,µg/m³,41.02028,28.66955,"[{""name"":""National Air Quality Monitoring Network"",""url"":""http://index.havaizleme.gov.tr/Dynamic/0""}]"
Esenyurt-MTHM,İstanbul,TR,2017-03-11T00:00:00.000Z,2017-03-11T02:00:00+02:00,pm10,73,µg/m³,41.02028,28.66955,"[{""name"":""National Air Quality Monitoring Network"",""url"":""http://index.havaizleme.gov.tr/Dynamic/0""}]"
Başakşehir-MTHM,İstanbul,TR,2017-03-11T00:00:00.000Z,2017-03-11T02:00:00+02:00,co,1221,µg/m³,41.09552,28.78986,"[{""name"":""National Air Quality Monitoring Network"",""url"":""http://index.havaizleme.gov.tr/Dynamic/0""}]"
Başakşehir-MTHM,İstanbul,TR,2017-03-11T00:00:00.000Z,2017-03-11T02:00:00+02:00,no2,21,µg/m³,41.09552,28.78986,"[{""name"":""National Air Quality Monitoring Network"",""url"":""http://index.havaizleme.gov.tr/Dynamic/0""}]"
Başakşehir-MTHM,İstanbul,TR,2017-03-11T00:00:00.000Z,2017-03-11T02:00:00+02:00,o3,87,µg/m³,41.09552,28.78986,"[{""name"":""National Air Quality Monitoring Network"",""url"":""http://index.havaizleme.gov.tr/Dynamic/0""}]"
Başakşehir-MTHM,İstanbul,TR,2017-03-11T00:00:00.000Z,2017-03-11T02:00:00+02:00,so2,13,µg/m³,41.09552,28.78986,"[{""name"":""National Air Quality Monitoring Network"",""url"":""http://index.havaizleme.gov.tr/Dynamic/0""}]"
Başakşehir-MTHM,İstanbul,TR,2017-03-11T00:00:00.000Z,2017-03-11T02:00:00+02:00,pm10,56,µg/m³,41.09552,28.78986,"[{""name"":""National Air Quality Monitoring Network"",""url"":""http://index.havaizleme.gov.tr/Dynamic/0""}]"
Keşan-MTHM,Edirne,TR,2017-03-11T00:00:00.000Z,2017-03-11T02:00:00+02:00,o3,5,µg/m³,40.85121,26.63529,"[{""name"":""National Air Quality Monitoring Network"",""url"":""http://index.havaizleme.gov.tr/Dynamic/0""}]"
Karaağaç-MTHM,Edirne,TR,2017-03-11T00:00:00.000Z,2017-03-11T02:00:00+02:00,no2,6,µg/m³,41.65914,26.53732,"[{""name"":""National Air Quality Monitoring Network"",""url"":""http://index.havaizleme.gov.tr/Dynamic/0""}]"
Keşan-MTHM,Edirne,TR,2017-03-11T00:00:00.000Z,2017-03-11T02:00:00+02:00,so2,138,µg/m³,40.85121,26.63529,"[{""name"":""National Air Quality Monitoring Network"",""url"":""http://index.havaizleme.gov.tr/Dynamic/0""}]"
Karaağaç-MTHM,Edirne,TR,2017-03-11T00:00:00.000Z,2017-03-11T02:00:00+02:00,o3,51,µg/m³,41.65914,26.53732,"[{""name"":""National Air Quality Monitoring Network"",""url"":""http://index.havaizleme.gov.tr/Dynamic/0""}]"
Karaağaç-MTHM,Edirne,TR,2017-03-11T00:00:00.000Z,2017-03-11T02:00:00+02:00,so2,4,µg/m³,41.65914,26.53732,"[{""name"":""National Air Quality Monitoring Network"",""url"":""http://index.havaizleme.gov.tr/Dynamic/0""}]"
Keşan-MTHM,Edirne,TR,2017-03-11T00:00:00.000Z,2017-03-11T02:00:00+02:00,no2,21,µg/m³,40.85121,26.63529,"[{""name"":""National Air Quality Monitoring Network"",""url"":""http://index.havaizleme.gov.tr/Dynamic/0""}]"
Keşan-MTHM,Edirne,TR,2017-03-11T00:00:00.000Z,2017-03-11T02:00:00+02:00,pm10,59,µg/m³,40.85121,26.63529,"[{""name"":""National Air Quality Monitoring Network"",""url"":""http://index.havaizleme.gov.tr/Dynamic/0""}]"
Lapseki-MTHM,Çanakkale,TR,2017-03-11T00:00:00.000Z,2017-03-11T02:00:00+02:00,no2,8,µg/m³,40.40307,26.77063,"[{""name"":""National Air Quality Monitoring Network"",""url"":""http://index.havaizleme.gov.tr/Dynamic/0""}]"
Lapseki-MTHM,Çanakkale,TR,2017-03-11T00:00:00.000Z,2017-03-11T02:00:00+02:00,o3,35,µg/m³,40.40307,26.77063,"[{""name"":""National Air Quality Monitoring Network"",""url"":""http://index.havaizleme.gov.tr/Dynamic/0""}]"
Lapseki-MTHM,Çanakkale,TR,2017-03-11T00:00:00.000Z,2017-03-11T02:00:00+02:00,so2,4,µg/m³,40.40307,26.77063,"[{""name"":""National Air Quality Monitoring Network"",""url"":""http://index.havaizleme.gov.tr/Dynamic/0""}]"
Can-MTHM,Çanakkale,TR,2017-03-11T00:00:00.000Z,2017-03-11T02:00:00+02:00,no2,17,µg/m³,40.02925,27.0498,"[{""name"":""National Air Quality Monitoring Network"",""url"":""http://index.havaizleme.gov.tr/Dynamic/0""}]"
Can-MTHM,Çanakkale,TR,2017-03-11T00:00:00.000Z,2017-03-11T02:00:00+02:00,o3,38,µg/m³,40.02925,27.0498,"[{""name"":""National Air Quality Monitoring Network"",""url"":""http://index.havaizleme.gov.tr/Dynamic/0""}]"
Can-MTHM,Çanakkale,TR,2017-03-11T00:00:00.000Z,2017-03-11T02:00:00+02:00,pm10,72,µg/m³,40.02925,27.0498,"[{""name"":""National Air Quality Monitoring Network"",""url"":""http://index.havaizleme.gov.tr/Dynamic/0""}]"
Can-MTHM,Çanakkale,TR,2017-03-11T00:00:00.000Z,2017-03-11T02:00:00+02:00,so2,21,µg/m³,40.02925,27.0498,"[{""name"":""National Air Quality Monitoring Network"",""url"":""http://index.havaizleme.gov.tr/Dynamic/0""}]"
Uludağ Üniv.-MTHM,Bursa,TR,2017-03-11T00:00:00.000Z,2017-03-11T02:00:00+02:00,o3,37,µg/m³,40.22337,28.87154,"[{""name"":""National Air Quality Monitoring Network"",""url"":""http://index.havaizleme.gov.tr/Dynamic/0""}]"
Uludağ Üniv.-MTHM,Bursa,TR,2017-03-11T00:00:00.000Z,2017-03-11T02:00:00+02:00,no2,28,µg/m³,40.22337,28.87154,"[{""name"":""National Air Quality Monitoring Network"",""url"":""http://index.havaizleme.gov.tr/Dynamic/0""}]"
Uludağ Üniv.-MTHM,Bursa,TR,2017-03-11T00:00:00.000Z,2017-03-11T02:00:00+02:00,so2,9,µg/m³,40.22337,28.87154,"[{""name"":""National Air Quality Monitoring Network"",""url"":""http://index.havaizleme.gov.tr/Dynamic/0""}]"
Kültür Park-MTHM,Bursa,TR,2017-03-11T00:00:00.000Z,2017-03-11T02:00:00+02:00,o3,4,µg/m³,40.19572,29.04588,"[{""name"":""National Air Quality Monitoring Network"",""url"":""http://index.havaizleme.gov.tr/Dynamic/0""}]"
Kültür Park-MTHM,Bursa,TR,2017-03-11T00:00:00.000Z,2017-03-11T02:00:00+02:00,no2,51,µg/m³,40.19572,29.04588,"[{""name"":""National Air Quality Monitoring Network"",""url"":""http://index.havaizleme.gov.tr/Dynamic/0""}]"
İnegöl-MTHM,Bursa,TR,2017-03-11T00:00:00.000Z,2017-03-11T02:00:00+02:00,no2,47,µg/m³,40.08089,29.50024,"[{""name"":""National Air Quality Monitoring Network"",""url"":""http://index.havaizleme.gov.tr/Dynamic/0""}]"
İnegöl-MTHM,Bursa,TR,2017-03-11T00:00:00.000Z,2017-03-11T02:00:00+02:00,so2,26,µg/m³,40.08089,29.50024,"[{""name"":""National Air Quality Monitoring Network"",""url"":""http://index.havaizleme.gov.tr/Dynamic/0""}]"
İnegöl-MTHM,Bursa,TR,2017-03-11T00:00:00.000Z,2017-03-11T02:00:00+02:00,pm10,116,µg/m³,40.08089,29.50024,"[{""name"":""National Air Quality Monitoring Network"",""url"":""http://index.havaizleme.gov.tr/Dynamic/0""}]"
Kültür Park-MTHM,Bursa,TR,2017-03-11T00:00:00.000Z,2017-03-11T02:00:00+02:00,so2,11,µg/m³,40.19572,29.04588,"[{""name"":""National Air Quality Monitoring Network"",""url"":""http://index.havaizleme.gov.tr/Dynamic/0""}]"
Kestel-MTHM,Bursa,TR,2017-03-11T00:00:00.000Z,2017-03-11T02:00:00+02:00,pm10,130,µg/m³,40.19542,29.2054,"[{""name"":""National Air Quality Monitoring Network"",""url"":""http://index.havaizleme.gov.tr/Dynamic/0""}]"
Kestel-MTHM,Bursa,TR,2017-03-11T00:00:00.000Z,2017-03-11T02:00:00+02:00,no2,58,µg/m³,40.19542,29.2054,"[{""name"":""National Air Quality Monitoring Network"",""url"":""http://index.havaizleme.gov.tr/Dynamic/0""}]"
Kestel-MTHM,Bursa,TR,2017-03-11T00:00:00.000Z,2017-03-11T02:00:00+02:00,so2,33,µg/m³,40.19542,29.2054,"[{""name"":""National Air Quality Monitoring Network"",""url"":""http://index.havaizleme.gov.tr/Dynamic/0""}]"
Beyazıt Cad.-MTHM,Bursa,TR,2017-03-11T00:00:00.000Z,2017-03-11T02:00:00+02:00,co,1204,µg/m³,40.18565,29.08049,"[{""name"":""National Air Quality Monitoring Network"",""url"":""http://index.havaizleme.gov.tr/Dynamic/0""}]"
Beyazıt Cad.-MTHM,Bursa,TR,2017-03-11T00:00:00.000Z,2017-03-11T02:00:00+02:00,no2,64,µg/m³,40.18565,29.08049,"[{""name"":""National Air Quality Monitoring Network"",""url"":""http://index.havaizleme.gov.tr/Dynamic/0""}]"
Beyazıt Cad.-MTHM,Bursa,TR,2017-03-11T00:00:00.000Z,2017-03-11T02:00:00+02:00,so2,11,µg/m³,40.18565,29.08049,"[{""name"":""National Air Quality Monitoring Network"",""url"":""http://index.havaizleme.gov.tr/Dynamic/0""}]"
Beyazıt Cad.-MTHM,Bursa,TR,2017-03-11T00:00:00.000Z,2017-03-11T02:00:00+02:00,pm10,138,µg/m³,40.18565,29.08049,"[{""name"":""National Air Quality Monitoring Network"",""url"":""http://index.havaizleme.gov.tr/Dynamic/0""}]"
Bozoyuk-MTHM,Bilecik,TR,2017-03-11T00:00:00.000Z,2017-03-11T02:00:00+02:00,pm10,46,µg/m³,39.90395,30.05295,"[{""name"":""National Air Quality Monitoring Network"",""url"":""http://index.havaizleme.gov.tr/Dynamic/0""}]"
Bozoyuk-MTHM,Bilecik,TR,2017-03-11T00:00:00.000Z,2017-03-11T02:00:00+02:00,so2,9,µg/m³,39.90395,30.05295,"[{""name"":""National Air Quality Monitoring Network"",""url"":""http://index.havaizleme.gov.tr/Dynamic/0""}]"
Bozoyuk-MTHM,Bilecik,TR,2017-03-11T00:00:00.000Z,2017-03-11T02:00:00+02:00,no2,38,µg/m³,39.90395,30.05295,"[{""name"":""National Air Quality Monitoring Network"",""url"":""http://index.havaizleme.gov.tr/Dynamic/0""}]"
Erdek-MTHM,Balıkesir,TR,2017-03-11T00:00:00.000Z,2017-03-11T02:00:00+02:00,so2,13,µg/m³,40.48972,27.97861,"[{""name"":""National Air Quality Monitoring Network"",""url"":""http://index.havaizleme.gov.tr/Dynamic/0""}]"
Erdek-MTHM,Balıkesir,TR,2017-03-11T00:00:00.000Z,2017-03-11T02:00:00+02:00,o3,65,µg/m³,40.48972,27.97861,"[{""name"":""National Air Quality Monitoring Network"",""url"":""http://index.havaizleme.gov.tr/Dynamic/0""}]"
Bandırma-MTHM,Balıkesir,TR,2017-03-11T00:00:00.000Z,2017-03-11T02:00:00+02:00,so2,5,µg/m³,40.34795,27.97496,"[{""name"":""National Air Quality Monitoring Network"",""url"":""http://index.havaizleme.gov.tr/Dynamic/0""}]"
Bandırma-MTHM,Balıkesir,TR,2017-03-11T00:00:00.000Z,2017-03-11T02:00:00+02:00,pm10,71,µg/m³,40.34795,27.97496,"[{""name"":""National Air Quality Monitoring Network"",""url"":""http://index.havaizleme.gov.tr/Dynamic/0""}]"
Erdek-MTHM,Balıkesir,TR,2017-03-11T00:00:00.000Z,2017-03-11T02:00:00+02:00,no2,16,µg/m³,40.48972,27.97861,"[{""name"":""National Air Quality Monitoring Network"",""url"":""http://index.havaizleme.gov.tr/Dynamic/0""}]"
Bandırma-MTHM,Balıkesir,TR,2017-03-11T00:00:00.000Z,2017-03-11T02:00:00+02:00,no2,81,µg/m³,40.34795,27.97496,"[{""name"":""National Air Quality Monitoring Network"",""url"":""http://index.havaizleme.gov.tr/Dynamic/0""}]"
Escuela E-10,Tocopilla,CL,2017-03-11T00:00:00.000Z,2017-03-10T21:00:00-03:00,pm10,52.96,µg/m³,-22.085518710314,-70.188682515839,"[{""name"":""SINCA"",""url"":""http://sinca.mma.gob.cl/""},{""name"":""Electroandina S.A.""}]"
